filename,label
001g4d.jpg,4
004v2b.jpg,8
00ae48.jpg,1
00sv9l.jpg,3
012nt0.jpg,6
01bihe.jpg,1
01g1kk.jpg,5
01lj7r.jpg,9
01z4rf.jpg,8
027vh6.jpg,8
02nf1z.jpg,6
02y5fc.jpg,14
0399t7.jpg,3
03d7zh.jpg,8
03e78u.jpg,13
03iysr.jpg,11
040hye.jpg,4
044hgc.jpg,2
048og7.jpg,4
04gh8d.jpg,1
04wkki.jpg,6
05cta5.jpg,7
05dnk4.jpg,0
05jpj7.jpg,13
05rl1p.jpg,1
06b0j5.jpg,13
06ep5v.jpg,13
06ni3h.jpg,7
06xfo2.jpg,6
06zjn6.jpg,0
073u7f.jpg,11
07bpnp.jpg,8
07nmzv.jpg,14
07t1c1.jpg,12
07xk29.jpg,7
087mu2.jpg,1
08frq3.jpg,7
09iyo8.jpg,13
0a4zbm.jpg,13
0aiagz.jpg,3
0aj0j3.jpg,5
0ajmcr.jpg,1
0awfz8.jpg,11
0axw50.jpg,1
0azrdk.jpg,11
0b1pxi.jpg,1
0bdt1m.jpg,1
0bh6sh.jpg,3
0c7gsd.jpg,7
0cczsl.jpg,3
0ctsf1.jpg,6
0d87ub.jpg,2
0dmw2s.jpg,14
0drayz.jpg,5
0e6p6e.jpg,7
0e7o2w.jpg,8
0efs1g.jpg,11
0er077.jpg,7
0g13wo.jpg,8
0g34qt.jpg,12
0hb7uh.jpg,3
0hi93z.jpg,4
0i0hf5.jpg,6
0i1gxc.jpg,3
0i9h44.jpg,3
0ibmsg.jpg,5
0j0u49.jpg,3
0j7jd9.jpg,6
0j943c.jpg,3
0jbjc1.jpg,1
0jbk8n.jpg,7
0je5k7.jpg,6
0jhqn6.jpg,1
0jn1nm.jpg,13
0jw2ht.jpg,13
0k3ddz.jpg,14
0ku758.jpg,6
0kvo4y.jpg,7
0l3ybk.jpg,5
0lcdx5.jpg,13
0lclky.jpg,10
0lgx6u.jpg,9
0lno3u.jpg,13
0m4riy.jpg,14
0mcxwy.jpg,4
0n0v4i.jpg,3
0n1i0k.jpg,13
0n53jf.jpg,14
0nadol.jpg,13
0nbcxo.jpg,7
0oau73.jpg,3
0ooxqz.jpg,14
0oymc8.jpg,8
0ozpbd.jpg,6
0p5017.jpg,3
0p8uzz.jpg,1
0p958i.jpg,14
0pnite.jpg,10
0pnjze.jpg,2
0ponl7.jpg,13
0q79r9.jpg,7
0qkggm.jpg,8
0r69mn.jpg,5
0rtagv.jpg,6
0rvhyl.jpg,6
0sb8vl.jpg,8
0slbja.jpg,8
0sm6jr.jpg,2
0srga7.jpg,7
0sy839.jpg,7
0t1c3g.jpg,1
0t4dw6.jpg,6
0tea9w.jpg,4
0txomv.jpg,12
0tzc38.jpg,10
0u2214.jpg,10
0u30lb.jpg,0
0ulszd.jpg,2
0us23t.jpg,2
0vnlom.jpg,7
0vnn39.jpg,14
0vnv3r.jpg,6
0vtmxb.jpg,8
0wgus8.jpg,7
0wi2bi.jpg,3
0wnid0.jpg,2
0wse0g.jpg,14
0wsr1r.jpg,9
0x2t1e.jpg,2
0xgguz.jpg,6
0y1jas.jpg,5
0yibcs.jpg,13
0ytkds.jpg,7
0zbnxf.jpg,11
0zgpdj.jpg,8
0zh3pc.jpg,9
0zmwwh.jpg,9
10mkcg.jpg,4
10qam6.jpg,9
117b96.jpg,1
11z4yt.jpg,3
12h6gu.jpg,3
1301op.jpg,6
134ovu.jpg,11
135w5u.jpg,5
136ib1.jpg,1
13ih63.jpg,6
13thql.jpg,8
1400kd.jpg,10
145hh2.jpg,7
14a8jr.jpg,13
14ll5k.jpg,8
14tnr5.jpg,10
153xqk.jpg,13
155ihd.jpg,7
15xaty.jpg,2
165z9c.jpg,8
16zfgf.jpg,6
179bfc.jpg,0
17gtch.jpg,0
17zxr8.jpg,11
18ajqg.jpg,7
18jetj.jpg,13
19hszc.jpg,8
19icyo.jpg,3
19m2f9.jpg,0
19tv5c.jpg,2
1aik6j.jpg,7
1amtyr.jpg,6
1bw7fs.jpg,1
1bwc43.jpg,6
1c240a.jpg,6
1ctqdp.jpg,4
1cweth.jpg,7
1dqt6p.jpg,4
1dtrgj.jpg,3
1et4rw.jpg,13
1f53pn.jpg,1
1f6cq4.jpg,5
1f6ix1.jpg,1
1f8yf4.jpg,2
1g8f79.jpg,12
1gt7al.jpg,4
1gwxvv.jpg,13
1h42bt.jpg,7
1h59ju.jpg,5
1hg4x0.jpg,13
1i7hiq.jpg,3
1id7e9.jpg,3
1jtoby.jpg,11
1k5nd0.jpg,2
1k7o2w.jpg,3
1kk93w.jpg,14
1l84hg.jpg,8
1lsxwz.jpg,4
1m5yje.jpg,7
1mdkwl.jpg,5
1mxosi.jpg,6
1n7l8b.jpg,10
1ndckz.jpg,12
1nnnpe.jpg,7
1o5u2z.jpg,5
1ogsj8.jpg,8
1ok1aa.jpg,13
1ony3s.jpg,14
1p0r1v.jpg,2
1pgukw.jpg,6
1pqtr8.jpg,2
1qbpjd.jpg,3
1qclvt.jpg,14
1qg920.jpg,4
1qi1zp.jpg,7
1qrndk.jpg,3
1r3ypk.jpg,6
1s719n.jpg,0
1suq8c.jpg,0
1sz6d7.jpg,6
1t8fxm.jpg,5
1tdkyf.jpg,6
1tfhes.jpg,14
1tixag.jpg,12
1tlhl9.jpg,0
1ttwp3.jpg,9
1tztks.jpg,0
1ubcac.jpg,10
1ukd3b.jpg,6
1v9bz6.jpg,3
1vgghu.jpg,3
1voy92.jpg,6
1vwapa.jpg,5
1w90k4.jpg,7
1wdeap.jpg,1
1ws386.jpg,14
1xfy6q.jpg,13
1xjpr1.jpg,13
1xkf9s.jpg,13
1xuh5a.jpg,1
1xwhsh.jpg,5
1y6nnl.jpg,0
1ymbig.jpg,7
1z3b7c.jpg,14
1z746f.jpg,1
1zfqsc.jpg,10
1zg59j.jpg,8
1zte6j.jpg,1
20ffzb.jpg,11
20h315.jpg,6
20k62m.jpg,10
20qoti.jpg,0
20wnhk.jpg,2
21d9wl.jpg,10
21q7ci.jpg,13
21xjlx.jpg,6
21ys0a.jpg,6
22ewh2.jpg,4
230e1n.jpg,14
23id6p.jpg,3
23s9ff.jpg,13
240p2x.jpg,0
2462yd.jpg,10
24iycn.jpg,2
250h5s.jpg,9
2543lo.jpg,2
26trmn.jpg,11
26we8e.jpg,10
2725xq.jpg,9
274329.jpg,2
27h8hs.jpg,2
27lwoj.jpg,13
2823s7.jpg,1
28qsfj.jpg,9
29lzzs.jpg,5
29u1i4.jpg,14
29vvh7.jpg,2
2a0lwd.jpg,7
2a5vww.jpg,7
2af03u.jpg,3
2agwws.jpg,13
2aodp6.jpg,8
2ap4sa.jpg,1
2aqwr1.jpg,1
2ardha.jpg,2
2avyss.jpg,8
2b2j5g.jpg,6
2b3cw1.jpg,12
2biaha.jpg,9
2biqkn.jpg,13
2bohv6.jpg,3
2ci3qb.jpg,14
2cklyo.jpg,1
2clm2x.jpg,10
2cs21o.jpg,14
2cweqd.jpg,13
2cwt10.jpg,8
2d42ib.jpg,14
2d7yh8.jpg,0
2ddkc4.jpg,2
2dv0pz.jpg,9
2dvtps.jpg,0
2e7igv.jpg,3
2ebndh.jpg,6
2ed8qg.jpg,7
2ehd7i.jpg,3
2er23v.jpg,1
2fbhm3.jpg,8
2fjfpt.jpg,10
2ftejn.jpg,9
2ftkwk.jpg,0
2fytxg.jpg,11
2g6n5d.jpg,1
2g9yhj.jpg,7
2gkvxq.jpg,6
2gnqpu.jpg,7
2grokf.jpg,12
2guc2p.jpg,13
2gv3xl.jpg,14
2gz7kr.jpg,6
2h06fj.jpg,0
2h2jjv.jpg,3
2h4j6y.jpg,0
2hd1qr.jpg,4
2hivx2.jpg,13
2hkfcx.jpg,11
2hnovf.jpg,8
2ie0h8.jpg,7
2ip0aa.jpg,10
2ita0z.jpg,10
2j25wt.jpg,11
2j2xfw.jpg,8
2jidaw.jpg,7
2jp8vm.jpg,7
2jynpg.jpg,1
2k3skc.jpg,14
2l0oqf.jpg,0
2l44al.jpg,14
2m9q9x.jpg,8
2mcmhe.jpg,9
2mk7f1.jpg,3
2ms94q.jpg,1
2n5oku.jpg,14
2oakpq.jpg,7
2otf5b.jpg,14
2otxod.jpg,4
2p2gpw.jpg,2
2p5jt0.jpg,4
2q15w9.jpg,1
2qop16.jpg,13
2r8ivm.jpg,6
2rj13g.jpg,2
2rx5vj.jpg,8
2srwb7.jpg,13
2tnvkw.jpg,11
2tvnu0.jpg,6
2ugpjq.jpg,3
2uu2va.jpg,8
2vdc6c.jpg,6
2vkqj9.jpg,7
2vliry.jpg,10
2vopjg.jpg,0
2vyngi.jpg,8
2w2xuw.jpg,1
2w7wlf.jpg,10
2wqgru.jpg,13
2x16ir.jpg,14
2xo2wz.jpg,8
2y7gz6.jpg,0
2y8jqo.jpg,7
2z2gty.jpg,11
2z9ny5.jpg,13
2zckph.jpg,14
2ze52q.jpg,13
2zkgst.jpg,7
2zrnun.jpg,14
30f84k.jpg,4
30mmyw.jpg,1
30v05m.jpg,2
30viw0.jpg,13
30wdkz.jpg,8
3109ey.jpg,7
316bg6.jpg,8
317r05.jpg,3
31bh5d.jpg,6
31ngz4.jpg,6
31xkik.jpg,13
32mwck.jpg,6
33cq5u.jpg,4
33cxwk.jpg,8
33t1jt.jpg,1
36nii2.jpg,8
36pc3x.jpg,11
36xre1.jpg,6
374w4x.jpg,6
37cfd7.jpg,9
37o3se.jpg,13
380pkl.jpg,10
3811or.jpg,4
38ccq9.jpg,6
38izbc.jpg,7
38oxep.jpg,5
38x8l5.jpg,11
393ykh.jpg,0
3a2qvl.jpg,3
3amnqa.jpg,12
3at5qv.jpg,5
3bo75p.jpg,3
3bt18y.jpg,5
3c68du.jpg,1
3chcju.jpg,4
3cjbx3.jpg,10
3cxxcq.jpg,13
3d736x.jpg,9
3e5y8y.jpg,8
3egabj.jpg,3
3evh4p.jpg,13
3fkrc5.jpg,2
3ft49d.jpg,1
3gcg6d.jpg,8
3ggwhd.jpg,13
3gnz9l.jpg,7
3hz61t.jpg,7
3iabnu.jpg,10
3ibjw6.jpg,3
3inm6s.jpg,3
3iypzq.jpg,1
3jyvgp.jpg,7
3kcczj.jpg,13
3kg2sa.jpg,8
3kncgy.jpg,10
3kuv04.jpg,7
3kx7k0.jpg,4
3l3zg7.jpg,7
3l5whl.jpg,3
3l6szo.jpg,6
3lncjz.jpg,8
3ltame.jpg,2
3lzn8m.jpg,8
3mj09q.jpg,4
3o1nww.jpg,11
3o68jo.jpg,1
3p69fx.jpg,10
3p7y8b.jpg,3
3pm1a5.jpg,6
3pomxg.jpg,6
3pt42l.jpg,8
3qenil.jpg,8
3qsupf.jpg,14
3qvw04.jpg,10
3r081t.jpg,2
3r13bv.jpg,9
3r7m47.jpg,4
3raki2.jpg,8
3rhzlv.jpg,6
3srpr1.jpg,13
3stor5.jpg,3
3su257.jpg,10
3sxn2q.jpg,11
3sz5el.jpg,3
3t6hxh.jpg,8
3tkkso.jpg,13
3to92v.jpg,8
3usw92.jpg,6
3uv7p0.jpg,6
3v2l36.jpg,13
3vdnns.jpg,12
3vjbfd.jpg,9
3w1rl9.jpg,3
3w3poi.jpg,14
3w93oc.jpg,8
3wsdaj.jpg,7
3x6chj.jpg,9
3y092h.jpg,7
3y3tov.jpg,7
3yrmom.jpg,9
3z46l3.jpg,8
3zae8p.jpg,6
3zah9h.jpg,0
3zkmn8.jpg,1
400eom.jpg,2
40jtmv.jpg,10
40ma7s.jpg,2
40y3yv.jpg,2
41jrk2.jpg,8
41uyi0.jpg,2
426o3i.jpg,4
42f6na.jpg,5
42kg3d.jpg,13
42zudd.jpg,0
438qta.jpg,8
4398i3.jpg,9
43ceq2.jpg,11
43t7pm.jpg,10
4427yo.jpg,3
444vd8.jpg,4
44jjl0.jpg,9
44locs.jpg,3
451f4s.jpg,6
455ewe.jpg,9
45hmjs.jpg,14
45rg2c.jpg,1
466mnv.jpg,10
467gh6.jpg,11
46h00x.jpg,1
476but.jpg,5
47kgfi.jpg,2
47rmhm.jpg,3
47tdl8.jpg,4
47y11p.jpg,3
48lu0c.jpg,6
48ms9j.jpg,3
48pef6.jpg,8
494rae.jpg,13
4anzvh.jpg,0
4b5bv6.jpg,4
4bbi8z.jpg,3
4bcmlx.jpg,13
4bdo4i.jpg,1
4bppkr.jpg,13
4btdnu.jpg,12
4bv46t.jpg,6
4c4kh9.jpg,7
4ce3mh.jpg,7
4cly0r.jpg,8
4deu0x.jpg,14
4dgsx4.jpg,1
4dlpp7.jpg,7
4dyzy3.jpg,5
4ehhnh.jpg,7
4ezkeo.jpg,3
4f3d2l.jpg,3
4fegma.jpg,13
4g847w.jpg,1
4gpn6h.jpg,13
4gqnmk.jpg,14
4h9dnd.jpg,11
4hcz0c.jpg,8
4hmrfs.jpg,2
4i30c4.jpg,0
4i62dy.jpg,6
4i6dba.jpg,8
4iae8r.jpg,0
4ilx6z.jpg,7
4iupjn.jpg,8
4izt8f.jpg,8
4j8h6f.jpg,6
4k6bsb.jpg,7
4kd323.jpg,7
4kfq4b.jpg,6
4ld2ul.jpg,6
4lmvf8.jpg,7
4m2hxo.jpg,1
4m3fmq.jpg,3
4mc4wr.jpg,6
4mi80o.jpg,14
4min3g.jpg,1
4mwnyy.jpg,7
4nso9p.jpg,0
4nw97o.jpg,12
4obic5.jpg,1
4q9r9u.jpg,1
4qhy6g.jpg,4
4qkvk5.jpg,5
4qmp7x.jpg,1
4qr41a.jpg,8
4rvcl2.jpg,13
4sgc3z.jpg,1
4sibai.jpg,1
4u5m2l.jpg,14
4uezsz.jpg,6
4ujaij.jpg,6
4v58i6.jpg,7
4v8wed.jpg,8
4voy9c.jpg,2
4vukw0.jpg,8
4vy887.jpg,0
4x0wjg.jpg,7
4x6kn9.jpg,1
4xa97b.jpg,3
4y3i1u.jpg,6
4yc5rk.jpg,6
4ymxbv.jpg,4
4ypwdg.jpg,10
4zjqz1.jpg,8
502bx2.jpg,10
50joge.jpg,7
50z00b.jpg,13
5107k9.jpg,13
51ni0s.jpg,14
51q8n4.jpg,7
51tohs.jpg,13
52589v.jpg,6
527xvc.jpg,3
52jxyy.jpg,14
53g2yo.jpg,1
53ikqb.jpg,0
541ail.jpg,10
543fwz.jpg,14
54oyrn.jpg,8
54u0wa.jpg,13
5596vl.jpg,1
55tjw4.jpg,8
564az4.jpg,11
56npv2.jpg,6
56wa1m.jpg,1
56xhn2.jpg,7
57dwim.jpg,10
57x9df.jpg,6
585c1z.jpg,8
58ipn3.jpg,2
58rivz.jpg,0
596dfw.jpg,2
597loy.jpg,6
5a5awx.jpg,3
5azrbh.jpg,14
5b6sv4.jpg,6
5b9cup.jpg,6
5ba669.jpg,3
5bc442.jpg,5
5bchh9.jpg,2
5bezos.jpg,8
5bfa37.jpg,14
5bjuxb.jpg,6
5bogwu.jpg,9
5bsfov.jpg,14
5cal3r.jpg,1
5cbn0o.jpg,6
5co3al.jpg,3
5cvbyv.jpg,8
5d3t0q.jpg,4
5d673i.jpg,1
5d7isv.jpg,13
5dafar.jpg,13
5dqzww.jpg,6
5eh2nh.jpg,9
5eoqjp.jpg,13
5eq4m0.jpg,8
5ey69n.jpg,7
5ezqbz.jpg,2
5f16f9.jpg,13
5f4n6f.jpg,10
5fgdte.jpg,1
5fhxn5.jpg,8
5fne5r.jpg,3
5fp27u.jpg,14
5fzw73.jpg,6
5g6q1g.jpg,3
5gsu6i.jpg,4
5gxly2.jpg,13
5h2mkx.jpg,13
5h7d7w.jpg,6
5hr6nm.jpg,10
5i7dr4.jpg,6
5iflf9.jpg,6
5imao7.jpg,14
5iz2fr.jpg,12
5jcz07.jpg,1
5k0e7f.jpg,6
5khb3z.jpg,3
5koy6m.jpg,1
5kxo7y.jpg,13
5l4l6t.jpg,11
5labi1.jpg,5
5ler5c.jpg,6
5lgcht.jpg,7
5lhd95.jpg,2
5lkgxt.jpg,8
5midme.jpg,5
5mq1y2.jpg,5
5mqowk.jpg,5
5n6k0n.jpg,9
5nf3uq.jpg,7
5od8a8.jpg,1
5ohruw.jpg,10
5oolr6.jpg,11
5ovatx.jpg,10
5oxvrn.jpg,7
5p0yu7.jpg,2
5p64zy.jpg,13
5p9pui.jpg,4
5pl9tb.jpg,3
5q1nxy.jpg,10
5q3avn.jpg,13
5qbss3.jpg,8
5qicr1.jpg,7
5r0giz.jpg,8
5r5gxv.jpg,13
5r8rlo.jpg,4
5rga9v.jpg,14
5rwpk1.jpg,3
5t52y1.jpg,11
5tddmn.jpg,0
5tf2js.jpg,6
5tg9kc.jpg,8
5tnyre.jpg,13
5tpumy.jpg,2
5tuj9l.jpg,7
5tx3ji.jpg,10
5u58vl.jpg,14
5u89p9.jpg,2
5uk2ca.jpg,13
5uohss.jpg,6
5v1i3a.jpg,4
5vxkx1.jpg,9
5vzybj.jpg,6
5wb84x.jpg,9
5wbr1n.jpg,7
5wfrck.jpg,13
5wj66s.jpg,2
5wjvzy.jpg,2
5x3kn4.jpg,7
5xch4m.jpg,13
5xdo76.jpg,3
5xq3c0.jpg,11
5xs20q.jpg,5
5xs4m8.jpg,3
5yfmgb.jpg,7
5ykmuv.jpg,5
5ytesw.jpg,2
5yxqus.jpg,13
60b6u3.jpg,3
60milu.jpg,13
60qxy2.jpg,7
612djq.jpg,13
61mu4e.jpg,1
62ezv8.jpg,14
62nmne.jpg,0
62o2ez.jpg,3
62qc1r.jpg,1
62uo1o.jpg,2
63qhfv.jpg,1
63uxrs.jpg,3
64pp0h.jpg,4
65aptv.jpg,8
65ek4l.jpg,6
65nifo.jpg,9
65pn12.jpg,2
660mv2.jpg,3
6616j0.jpg,14
661du7.jpg,13
66bw4a.jpg,8
66plcr.jpg,14
67etq9.jpg,4
68588j.jpg,6
68mly1.jpg,7
68u6y0.jpg,6
68whd4.jpg,8
6a0l00.jpg,7
6a26sz.jpg,13
6a4jwj.jpg,2
6a95lp.jpg,3
6a9y6n.jpg,3
6b7jc8.jpg,2
6baheh.jpg,12
6cfo3f.jpg,8
6ch0xn.jpg,8
6cic7k.jpg,0
6d2buk.jpg,3
6dfitv.jpg,8
6dg4io.jpg,7
6egtvx.jpg,7
6ekoqn.jpg,4
6f199s.jpg,13
6f1kef.jpg,2
6f5j2k.jpg,3
6f6c41.jpg,3
6fc853.jpg,1
6fg2an.jpg,7
6fkp8a.jpg,7
6fpfd3.jpg,1
6gbtf2.jpg,4
6hfk2h.jpg,2
6hl0kj.jpg,4
6i9cyu.jpg,8
6ibn9o.jpg,6
6iskow.jpg,3
6itr8t.jpg,5
6j3hip.jpg,3
6j5anw.jpg,6
6jfmrc.jpg,1
6kp59f.jpg,5
6kread.jpg,6
6ktpj1.jpg,5
6kx63v.jpg,13
6likum.jpg,13
6ln0r0.jpg,6
6lv6fq.jpg,1
6maw40.jpg,6
6mffuf.jpg,8
6n4g9s.jpg,7
6na1ui.jpg,12
6ndmm0.jpg,14
6nivh0.jpg,1
6nye2u.jpg,5
6o485g.jpg,5
6op2wv.jpg,1
6oxra8.jpg,11
6p895m.jpg,2
6p8yqn.jpg,2
6plsyp.jpg,3
6po7af.jpg,2
6q4zel.jpg,3
6qgj7i.jpg,13
6qo7gf.jpg,6
6r0se7.jpg,11
6r725w.jpg,7
6rga4r.jpg,7
6rkuj7.jpg,8
6rsul3.jpg,1
6s0y2x.jpg,13
6s3ikx.jpg,3
6sovr1.jpg,5
6tu7qi.jpg,13
6u4frh.jpg,8
6ualqk.jpg,1
6uwumk.jpg,0
6vhzqv.jpg,10
6vmx50.jpg,14
6vw1s8.jpg,3
6vx65b.jpg,10
6w9wl7.jpg,14
6wgedj.jpg,4
6wognn.jpg,10
6wxc2q.jpg,7
6x5rdx.jpg,5
6xceg0.jpg,4
6xp92x.jpg,10
6y1far.jpg,13
6y6djs.jpg,7
6y9vho.jpg,7
6yiv9v.jpg,12
6yo359.jpg,8
6yw23y.jpg,13
6z9t39.jpg,13
6zdxr2.jpg,1
6zfcis.jpg,8
6ziwqb.jpg,14
6zn9lr.jpg,14
6zw8ko.jpg,14
6zz5zm.jpg,2
712z05.jpg,11
722inx.jpg,9
73q3hj.jpg,8
73wypf.jpg,14
74a2hv.jpg,13
74eg69.jpg,3
75gld7.jpg,7
75j885.jpg,14
75jllm.jpg,13
76auu2.jpg,14
76mneh.jpg,9
76pper.jpg,13
773zfg.jpg,7
7774w8.jpg,2
77fwnl.jpg,9
77niu1.jpg,5
785lti.jpg,2
789zvn.jpg,4
78vp28.jpg,3
78x89j.jpg,3
78zl6w.jpg,8
79034h.jpg,3
793ro9.jpg,6
798kz8.jpg,5
79r3t1.jpg,8
79t7cz.jpg,8
79y72v.jpg,7
7aatv1.jpg,1
7at5oo.jpg,9
7atc1b.jpg,2
7bfws7.jpg,10
7bgehm.jpg,7
7btobz.jpg,6
7bwskb.jpg,5
7c058r.jpg,1
7c0d4o.jpg,5
7c0l6c.jpg,9
7c6dh2.jpg,13
7cc8qa.jpg,11
7cl1or.jpg,6
7d66dq.jpg,6
7djy3o.jpg,3
7dqu17.jpg,5
7dx3hj.jpg,6
7e2cqh.jpg,7
7e3vg7.jpg,5
7e917c.jpg,8
7ee3pq.jpg,11
7eijsj.jpg,13
7eosr2.jpg,13
7eotob.jpg,7
7ev9mz.jpg,8
7f1r3g.jpg,5
7fada4.jpg,10
7farws.jpg,7
7fnhtp.jpg,14
7g7a4h.jpg,11
7g7u4m.jpg,7
7gwsde.jpg,14
7gx0ph.jpg,3
7gzmq9.jpg,5
7h3u91.jpg,7
7hkhdt.jpg,3
7idc8c.jpg,1
7ioer7.jpg,8
7iwpg7.jpg,10
7j32wh.jpg,3
7jjiih.jpg,8
7jjxx4.jpg,4
7k11q0.jpg,8
7kbp43.jpg,2
7kcoze.jpg,3
7khzee.jpg,1
7kov23.jpg,7
7kpijp.jpg,14
7ku8dd.jpg,13
7l12oo.jpg,6
7l8n2k.jpg,9
7llog3.jpg,13
7m3okb.jpg,7
7mdiag.jpg,7
7mnfrt.jpg,2
7mr4ti.jpg,13
7mrby1.jpg,9
7mxd2g.jpg,6
7n69qz.jpg,7
7ncktp.jpg,13
7nfqer.jpg,13
7njdg5.jpg,8
7okip0.jpg,3
7olccv.jpg,14
7otne8.jpg,2
7pjfqb.jpg,2
7qfhsz.jpg,1
7rz451.jpg,4
7sdrcv.jpg,1
7swrro.jpg,0
7todcl.jpg,13
7tzm66.jpg,13
7u0zs1.jpg,3
7u3w1j.jpg,4
7udm0u.jpg,13
7ufolm.jpg,9
7ukxq2.jpg,8
7v0zu4.jpg,4
7vjb9a.jpg,2
7vn2w7.jpg,1
7w14hn.jpg,8
7wbgx1.jpg,13
7wgv07.jpg,4
7wk3r3.jpg,12
7wmfde.jpg,10
7wwlmf.jpg,13
7x2q3g.jpg,7
7xf9pq.jpg,5
7xo2s9.jpg,6
7xqy0r.jpg,3
7xrp8g.jpg,8
7y2zpa.jpg,13
7ybhha.jpg,14
7ybztr.jpg,8
7yl6kx.jpg,7
7yztn8.jpg,6
7z4jx1.jpg,13
7zfou9.jpg,1
80evge.jpg,6
80ro4o.jpg,3
812brw.jpg,1
817utq.jpg,4
81nj0l.jpg,2
81qb34.jpg,1
82a4np.jpg,8
83smr3.jpg,10
83x2qn.jpg,2
83x9fz.jpg,2
83xggy.jpg,2
846gqq.jpg,2
848zoa.jpg,1
84mj9v.jpg,6
84qti2.jpg,0
84ummu.jpg,3
854yjh.jpg,14
8575jn.jpg,1
85mxca.jpg,5
85qbvk.jpg,10
862wxy.jpg,0
877iag.jpg,13
87bddh.jpg,13
87f844.jpg,4
87tew2.jpg,3
885f7b.jpg,0
89kb7n.jpg,8
89oce7.jpg,8
89wnir.jpg,13
8b9vhu.jpg,13
8bcpf9.jpg,7
8bfkwd.jpg,3
8bfva2.jpg,9
8c0v4w.jpg,7
8c1edu.jpg,2
8c7uvj.jpg,7
8ck71p.jpg,5
8ck85m.jpg,8
8cr8xw.jpg,4
8cv0pg.jpg,10
8dbcuj.jpg,6
8di6ql.jpg,1
8eg53s.jpg,13
8ekyw1.jpg,8
8exb87.jpg,6
8fl8pm.jpg,8
8fuspg.jpg,8
8fzv1i.jpg,5
8g9iwk.jpg,7
8gap3e.jpg,7
8gjh9g.jpg,3
8gla24.jpg,2
8harg6.jpg,14
8he9j8.jpg,2
8hqek7.jpg,2
8hqguy.jpg,13
8i8abm.jpg,6
8iibhw.jpg,1
8iv1oa.jpg,12
8k02q0.jpg,1
8knrew.jpg,12
8kyeok.jpg,10
8li19x.jpg,8
8lpgy4.jpg,0
8lrtza.jpg,7
8lvm3b.jpg,11
8madqw.jpg,14
8ml0wx.jpg,8
8n50lr.jpg,6
8nbifs.jpg,1
8nexiw.jpg,1
8niv4u.jpg,9
8nowjn.jpg,1
8p5mcc.jpg,7
8q31r5.jpg,1
8q3k3k.jpg,0
8q8kc3.jpg,0
8qchfx.jpg,13
8qf49y.jpg,4
8qrla7.jpg,8
8qrtcj.jpg,8
8r71j1.jpg,5
8rydbw.jpg,5
8s1rqi.jpg,1
8s6kf8.jpg,6
8setq1.jpg,12
8sv8ex.jpg,4
8t6epr.jpg,6
8tcl34.jpg,13
8tvqxj.jpg,13
8u95qq.jpg,2
8uumu2.jpg,13
8v0433.jpg,10
8v3fsg.jpg,8
8vajyf.jpg,7
8vli8c.jpg,4
8vps5b.jpg,6
8w0uhq.jpg,11
8wcytl.jpg,0
8wkfvf.jpg,3
8wnd13.jpg,5
8wxx92.jpg,10
8x53sf.jpg,6
8xwlpp.jpg,2
8yaeqw.jpg,3
8yswpb.jpg,3
8yvmmg.jpg,4
8zaug5.jpg,4
90diqp.jpg,8
90k5x1.jpg,11
915nvv.jpg,6
91lz87.jpg,13
921mhp.jpg,8
92a39i.jpg,1
92bewr.jpg,6
92gxfn.jpg,6
92qy0t.jpg,11
93aq8c.jpg,3
93cjih.jpg,6
93fxw3.jpg,5
93uvu1.jpg,14
94hgwu.jpg,3
94jmyp.jpg,3
94mm3i.jpg,1
95adz3.jpg,4
95atmb.jpg,1
95sa7a.jpg,8
96akz2.jpg,0
96w4ja.jpg,3
97b33l.jpg,7
98c8g2.jpg,8
98cp4n.jpg,13
98rjn3.jpg,10
997h7t.jpg,1
99856s.jpg,9
99djb5.jpg,9
9abyf4.jpg,3
9agfjm.jpg,7
9akelf.jpg,6
9az0y0.jpg,1
9b2y4u.jpg,7
9bmxhr.jpg,1
9bs32w.jpg,3
9bzoqv.jpg,4
9cgklr.jpg,14
9d0hyy.jpg,6
9d5n2u.jpg,12
9dm8h9.jpg,3
9ds07c.jpg,5
9dy8px.jpg,8
9flzo8.jpg,2
9g2vvc.jpg,13
9g638f.jpg,6
9gekhp.jpg,14
9gnbuk.jpg,6
9gnjf5.jpg,1
9grblx.jpg,3
9gus7u.jpg,10
9hduu9.jpg,0
9hlfxr.jpg,4
9hpq1q.jpg,1
9iml7q.jpg,8
9io0ro.jpg,10
9j90si.jpg,1
9jbzle.jpg,5
9jfymi.jpg,3
9jpf9z.jpg,6
9jyxcw.jpg,0
9k3y2g.jpg,8
9kash2.jpg,6
9kcihl.jpg,13
9kcpb2.jpg,7
9kipsa.jpg,9
9klzel.jpg,6
9km5fu.jpg,10
9kvvqn.jpg,1
9l0xwv.jpg,0
9lmqw0.jpg,8
9lymqy.jpg,4
9m5tgg.jpg,2
9mewwa.jpg,13
9myaez.jpg,1
9myzqe.jpg,4
9nvwlr.jpg,4
9o6h41.jpg,6
9odjp5.jpg,1
9oxblm.jpg,6
9p1zjf.jpg,6
9p31ja.jpg,0
9pnm4o.jpg,7
9ppx32.jpg,4
9q011q.jpg,13
9qgbyn.jpg,4
9qua46.jpg,4
9resvi.jpg,13
9rm2el.jpg,8
9rml4p.jpg,11
9ro9eh.jpg,13
9rry5c.jpg,3
9sgoc9.jpg,8
9skpi5.jpg,13
9sllp2.jpg,13
9soa8h.jpg,10
9ttudc.jpg,10
9u0eri.jpg,14
9u8m24.jpg,14
9uj7hq.jpg,0
9uqg3y.jpg,8
9v5s8e.jpg,6
9vjpdq.jpg,8
9w4enl.jpg,9
9w86ut.jpg,14
9whfvq.jpg,5
9whi9y.jpg,10
9x74vb.jpg,8
9x8owp.jpg,13
9x8xq3.jpg,10
9xmnl0.jpg,9
9xvfpi.jpg,13
9xw8fp.jpg,4
9xwtq3.jpg,2
9ymcww.jpg,11
9yqzcn.jpg,5
9yrhbv.jpg,11
9yytzs.jpg,4
9zbid0.jpg,0
9zhxpr.jpg,12
9zpp92.jpg,6
9zqtlv.jpg,13
9zym6m.jpg,1
a0u534.jpg,10
a183rn.jpg,7
a1ao2b.jpg,14
a1p7qr.jpg,13
a1zv6s.jpg,11
a2lmsa.jpg,10
a2lntp.jpg,7
a340l8.jpg,12
a3d2in.jpg,8
a3tv9u.jpg,10
a3u99t.jpg,7
a44jun.jpg,3
a4i0e0.jpg,10
a4rimo.jpg,4
a53wnp.jpg,14
a57i83.jpg,13
a5l3y9.jpg,7
a5mstg.jpg,2
a5tqj3.jpg,4
a61c3j.jpg,2
a6idc6.jpg,6
a6ovv0.jpg,14
a6rxk7.jpg,14
a70gp9.jpg,11
a73okd.jpg,1
a7kryn.jpg,7
a7lerl.jpg,10
a7ovsa.jpg,9
a7v4a0.jpg,14
a80osn.jpg,10
a8ol0q.jpg,7
a8ul97.jpg,3
a8yqk6.jpg,4
a93kdr.jpg,1
a99m2t.jpg,13
aacrj6.jpg,2
aajkwo.jpg,6
aataof.jpg,13
ab3fto.jpg,9
ab5j4r.jpg,13
abcwg2.jpg,10
abuqk6.jpg,2
ac6bsk.jpg,5
achmh5.jpg,10
ae3v49.jpg,8
aeim5a.jpg,13
aev112.jpg,14
afax8d.jpg,4
afwgja.jpg,8
afy03g.jpg,10
ag1ox7.jpg,2
agdwir.jpg,7
agjr3o.jpg,3
ago1ly.jpg,9
ah3p50.jpg,7
ahtlt9.jpg,8
ai3m4l.jpg,13
ai9tfy.jpg,2
aj5i65.jpg,10
aj88ik.jpg,3
ajndsd.jpg,6
ajqxkf.jpg,1
ajy0b6.jpg,7
ak4swb.jpg,2
akbl5o.jpg,13
akey3t.jpg,3
akqk8n.jpg,10
al7981.jpg,7
alil6r.jpg,1
alk3we.jpg,6
alqse5.jpg,8
am39l3.jpg,8
amcsrq.jpg,13
amgthb.jpg,0
amiyak.jpg,5
amkq0p.jpg,8
aml78p.jpg,0
amruvw.jpg,13
anuf5o.jpg,10
anwdgw.jpg,8
aorivj.jpg,0
aot3wu.jpg,7
aoxplf.jpg,3
ap1c90.jpg,4
ap5mw1.jpg,6
aplchi.jpg,8
aqurf9.jpg,4
aqvc04.jpg,4
aqxw8n.jpg,2
as5wyd.jpg,13
asgeww.jpg,1
asvaed.jpg,7
asvbdc.jpg,8
atk81c.jpg,6
atkdao.jpg,3
atp3py.jpg,2
atro3c.jpg,6
atvmn7.jpg,5
atxaiq.jpg,0
au1dpq.jpg,4
au3d8y.jpg,11
auazq6.jpg,7
auc78d.jpg,4
audd7c.jpg,8
aumube.jpg,8
auv4bh.jpg,14
av20zv.jpg,0
avqyyu.jpg,1
avujaj.jpg,6
avw9wf.jpg,4
awk5vf.jpg,10
awwu4x.jpg,12
ax1fij.jpg,1
axfrj9.jpg,7
axko1l.jpg,3
axl5lg.jpg,14
axniw7.jpg,4
axnqbt.jpg,8
axw831.jpg,3
ay3axz.jpg,0
ayowdp.jpg,0
azw8fc.jpg,3
azy37j.jpg,8
b097yi.jpg,3
b0bo3t.jpg,6
b0ka5n.jpg,8
b0n8x8.jpg,3
b13dqn.jpg,11
b13xc6.jpg,5
b2druv.jpg,4
b2qv5l.jpg,3
b2zca4.jpg,2
b32amx.jpg,13
b38wdq.jpg,13
b3jx9n.jpg,13
b3p3o5.jpg,3
b41cwd.jpg,8
b47iu4.jpg,2
b4cogt.jpg,9
b4rrvn.jpg,8
b4yxb2.jpg,6
b5gx9d.jpg,14
b69nm0.jpg,2
b6omka.jpg,3
b6qbd8.jpg,2
b6wrjn.jpg,13
b7ierz.jpg,8
b7q24b.jpg,2
b7rfli.jpg,8
b7wjp4.jpg,8
b7z0dj.jpg,11
b81h65.jpg,8
b8qa6s.jpg,11
b8rcae.jpg,8
b8srln.jpg,6
b95ka6.jpg,5
b9q00q.jpg,2
bal36h.jpg,1
baph1f.jpg,6
baqkam.jpg,14
baxq61.jpg,4
bbpa15.jpg,2
bbvesz.jpg,11
bc39xm.jpg,10
bc7ots.jpg,6
bcm6bq.jpg,3
bcyieq.jpg,14
bdf0vg.jpg,6
bdjzqt.jpg,8
behbeo.jpg,13
berjml.jpg,1
bf7zja.jpg,14
bfdj2t.jpg,11
bfihja.jpg,10
bfv3nf.jpg,5
bfzcw0.jpg,7
bgc175.jpg,2
bgewol.jpg,13
bgja2x.jpg,12
bgjeew.jpg,6
bgjx54.jpg,1
bgn885.jpg,13
bhccgs.jpg,13
bhjeke.jpg,0
biajme.jpg,9
bic5xq.jpg,11
biwczm.jpg,4
bizwb6.jpg,10
bjdzz8.jpg,8
bjy7vx.jpg,8
bk0btq.jpg,8
bkefsm.jpg,10
bktczj.jpg,1
bkuecj.jpg,2
bkzz8c.jpg,6
bl0119.jpg,14
bl1juu.jpg,5
bluew8.jpg,1
blxehh.jpg,0
blxxof.jpg,1
bm07ob.jpg,6
bm0mwm.jpg,4
bmj809.jpg,7
bmpl58.jpg,3
bmxmmw.jpg,4
bn93er.jpg,3
bnbfl2.jpg,3
bnlrt9.jpg,8
bnyf4s.jpg,6
bo2o84.jpg,2
bo4eka.jpg,1
bocps3.jpg,4
bovqd5.jpg,7
boxwzk.jpg,7
bp5mrz.jpg,0
bpd5rj.jpg,7
bpd66v.jpg,5
bps3ft.jpg,14
bpxalf.jpg,13
bq2r49.jpg,6
bqafeh.jpg,4
bqaovg.jpg,11
bqexvr.jpg,10
bqqkx6.jpg,7
bqqp8x.jpg,5
bsl38t.jpg,1
bswz3m.jpg,13
bsyld4.jpg,4
bt7pv7.jpg,3
btidrj.jpg,10
btsqo8.jpg,12
bu9thb.jpg,2
bue3ip.jpg,4
buolhd.jpg,7
bup3y2.jpg,10
busd3c.jpg,14
buu0gt.jpg,6
bvtrvj.jpg,1
bwf378.jpg,6
bwtwjw.jpg,0
bx0fdi.jpg,7
bxm43j.jpg,6
bxnhy2.jpg,4
bxpwnk.jpg,0
bxx6ro.jpg,6
byxpac.jpg,3
bz8f34.jpg,8
bzwol6.jpg,7
c050k4.jpg,14
c07m81.jpg,11
c0j1en.jpg,1
c0pvd3.jpg,12
c1qcw5.jpg,8
c2qwl3.jpg,9
c3156h.jpg,13
c3mnr4.jpg,7
c43wb7.jpg,6
c4jiib.jpg,13
c4lzqk.jpg,14
c52t2s.jpg,10
c52zjd.jpg,2
c5ism7.jpg,6
c5kuy4.jpg,8
c61e9f.jpg,4
c636lu.jpg,3
c72bt7.jpg,3
c7k9or.jpg,2
c7o833.jpg,8
c86b9c.jpg,6
c8j0xd.jpg,6
c982v0.jpg,3
c99aqd.jpg,10
c9k01c.jpg,8
c9vpkv.jpg,5
ca4gpt.jpg,3
ca6jm4.jpg,11
cal1yv.jpg,0
cazbq2.jpg,4
cb3je6.jpg,13
cbafe5.jpg,8
cbcwhc.jpg,8
cbgbf5.jpg,4
cbih9x.jpg,7
cbj358.jpg,6
cbu3rx.jpg,0
cc2pm4.jpg,7
cc52fc.jpg,4
cc7iqw.jpg,13
cc7l2v.jpg,7
ccedp2.jpg,8
cd81j2.jpg,6
cd9tn8.jpg,6
cdq1te.jpg,14
cdtbje.jpg,8
ce9q4z.jpg,5
cenxn1.jpg,7
cet7sx.jpg,0
cfscf8.jpg,13
cgvyrp.jpg,7
ch23fh.jpg,0
ch3ws4.jpg,14
chy0mb.jpg,6
chz63d.jpg,3
ci04ma.jpg,4
cipt8i.jpg,1
cj3chp.jpg,3
cjs38g.jpg,0
cjtcs4.jpg,11
ck6hd1.jpg,5
ckdffn.jpg,1
ckr7nw.jpg,5
cl44xn.jpg,8
clmjhx.jpg,3
clqr08.jpg,5
cltttb.jpg,1
cn17j6.jpg,8
co79sd.jpg,12
cot12e.jpg,4
cpe2nj.jpg,10
cpf4jk.jpg,6
cpyrr0.jpg,2
cq2cua.jpg,8
cq9w6i.jpg,6
cri3ct.jpg,0
crius0.jpg,6
crldrc.jpg,6
crmj7g.jpg,5
crseir.jpg,0
crxaub.jpg,4
cs1qe9.jpg,3
cs21m6.jpg,7
cs9s88.jpg,13
cssxrl.jpg,14
cszbo2.jpg,11
ctiw0b.jpg,7
ctut23.jpg,6
cu68lc.jpg,11
cup9pk.jpg,12
cusn8p.jpg,3
cv63o8.jpg,13
cvdw61.jpg,4
cvl0o9.jpg,2
cvq1fc.jpg,6
cw74im.jpg,6
cw9fa5.jpg,14
cy00nj.jpg,0
cy2lr3.jpg,13
cy3dm3.jpg,8
cyy41n.jpg,2
czhp8e.jpg,2
czuhtn.jpg,2
d0eemm.jpg,10
d0g2zs.jpg,0
d0wsu7.jpg,4
d0xjzp.jpg,8
d10qqh.jpg,6
d18okt.jpg,14
d1hp6g.jpg,9
d1o52b.jpg,6
d2d8x7.jpg,8
d2iwms.jpg,14
d2pb4s.jpg,7
d39ayl.jpg,11
d3ugxw.jpg,3
d42ds9.jpg,0
d439fy.jpg,10
d44cjy.jpg,2
d4e9ac.jpg,3
d4rzqt.jpg,13
d55zjp.jpg,6
d5tajx.jpg,1
d5ut0z.jpg,3
d5zhx2.jpg,4
d6eplm.jpg,3
d6t7dl.jpg,2
d72x4i.jpg,7
d7mu1a.jpg,2
d7q6lb.jpg,4
d7zuk0.jpg,6
d8nxuv.jpg,13
d9g2f4.jpg,8
d9m3iz.jpg,11
d9rxqj.jpg,8
d9z538.jpg,11
da3v6g.jpg,3
da99i4.jpg,4
da9ivw.jpg,2
da9q6a.jpg,0
dad54b.jpg,2
dasa7o.jpg,4
dayt3l.jpg,2
dbio1s.jpg,9
dbj0xj.jpg,7
dchey9.jpg,10
dchpo0.jpg,3
dcv2lt.jpg,4
dcw9o1.jpg,7
dd4o6r.jpg,2
ddhlwg.jpg,2
dduzfl.jpg,11
de0ye7.jpg,1
de92bu.jpg,14
derazq.jpg,1
df93nb.jpg,2
dgvevj.jpg,7
dhw7cp.jpg,11
dihav7.jpg,6
dilbmq.jpg,4
diplpe.jpg,8
divke7.jpg,3
dj0bwn.jpg,11
djb23e.jpg,14
djpcp7.jpg,13
djtm7a.jpg,8
djwa74.jpg,7
dkcsud.jpg,14
dkgbev.jpg,4
dkof45.jpg,0
dls7ug.jpg,13
dlt2qa.jpg,6
dm9b0y.jpg,12
dma4tk.jpg,8
dma7sa.jpg,11
dmfuiv.jpg,6
dmkugg.jpg,9
dnow2h.jpg,2
dnsn98.jpg,8
dokiiq.jpg,8
dowese.jpg,7
doxc9q.jpg,7
dpd7ak.jpg,13
dpoqua.jpg,8
dpxdsb.jpg,13
dqouw7.jpg,8
dqzrfh.jpg,4
dr0xbr.jpg,13
dref97.jpg,8
drilde.jpg,2
ds1sbd.jpg,7
dscxrt.jpg,3
dsxbqh.jpg,11
dt1gpz.jpg,5
dtv4zp.jpg,5
du7zfb.jpg,13
dumw9q.jpg,5
dunkdp.jpg,10
duzlp7.jpg,4
dv0v9o.jpg,3
dvb4y0.jpg,3
dvlqtx.jpg,4
dvsvci.jpg,2
dwbvy6.jpg,4
dwhzy7.jpg,13
dwjj8q.jpg,1
dwlwra.jpg,3
dxb1tv.jpg,8
dxepvj.jpg,4
dxnggs.jpg,2
dxze9a.jpg,8
dya4ix.jpg,7
dypqzu.jpg,7
dyu90m.jpg,14
dz2mqm.jpg,13
dzdqek.jpg,10
dzkthy.jpg,8
dztszh.jpg,4
e0umbp.jpg,6
e0xa8d.jpg,2
e15fkt.jpg,8
e1dzyd.jpg,6
e1ie7a.jpg,14
e1o2a7.jpg,1
e1p1x0.jpg,13
e1qkgb.jpg,2
e1swn2.jpg,8
e1tx9g.jpg,1
e2a2k9.jpg,8
e2b026.jpg,4
e2n8ip.jpg,7
e2zwhf.jpg,2
e3cv4j.jpg,8
e3mrf7.jpg,14
e405nb.jpg,10
e4asbd.jpg,3
e4b86t.jpg,7
e4dotv.jpg,7
e4ga2i.jpg,0
e58ogy.jpg,13
e60gxg.jpg,1
e67r0t.jpg,7
e70whs.jpg,5
e7ahro.jpg,2
e7dtzi.jpg,1
e7y9g9.jpg,2
e82en4.jpg,10
e82h0d.jpg,0
e84kv7.jpg,1
e949iw.jpg,3
e977kj.jpg,2
e9szec.jpg,9
e9t5gp.jpg,8
ea7cnt.jpg,14
ea85nr.jpg,6
eakbnv.jpg,7
eaks98.jpg,1
eas2lv.jpg,7
ebppxp.jpg,10
ebuhlb.jpg,5
eby12m.jpg,3
ebzr2j.jpg,13
ecs485.jpg,6
eczyph.jpg,13
edf883.jpg,6
edhccj.jpg,8
ee72g9.jpg,1
eef3pb.jpg,9
eeq6mv.jpg,13
eesc7w.jpg,13
eez927.jpg,5
ef0kh3.jpg,4
ef3qsj.jpg,9
efaxhg.jpg,4
egnuue.jpg,13
egwn1m.jpg,2
eh2vix.jpg,8
ehjp2j.jpg,8
ehqk3y.jpg,9
ehw58i.jpg,7
ei6cx3.jpg,1
eiehg4.jpg,8
eiikxa.jpg,6
eilp2l.jpg,9
eislq1.jpg,4
eitrg4.jpg,2
eiyccb.jpg,14
ej5rof.jpg,13
ej6oqv.jpg,3
ek69qu.jpg,4
ek8bc5.jpg,3
ekni7k.jpg,0
eltuj7.jpg,4
em107b.jpg,13
emdrz5.jpg,4
emgc3f.jpg,7
emmfi0.jpg,1
en15fa.jpg,11
enw725.jpg,0
eo2yco.jpg,9
eopy9v.jpg,9
eot67l.jpg,8
eouose.jpg,4
eovqac.jpg,0
epek9v.jpg,14
epf71s.jpg,5
epj5wi.jpg,6
epsjjd.jpg,3
er9hsz.jpg,8
erp886.jpg,6
es054m.jpg,4
eswhow.jpg,10
esytc2.jpg,13
et5tqj.jpg,9
eta4tn.jpg,14
eti5hx.jpg,6
etsnsu.jpg,2
euddw9.jpg,8
eugt6l.jpg,2
eujrpl.jpg,3
euoyfd.jpg,1
evgito.jpg,5
ew8q4p.jpg,6
ew9sa0.jpg,7
ewq6nk.jpg,3
ex00an.jpg,8
ex3qjn.jpg,4
excqh1.jpg,3
ext5gs.jpg,13
exz122.jpg,5
eyg2hp.jpg,3
ezbr2j.jpg,7
ezq2hn.jpg,9
ezs356.jpg,8
ezws7u.jpg,3
f0szxo.jpg,14
f0u9g6.jpg,6
f0w4am.jpg,2
f0ylta.jpg,8
f1xz51.jpg,6
f2ki0b.jpg,1
f3o46x.jpg,4
f45pum.jpg,7
f4cpaz.jpg,2
f4kxuv.jpg,7
f4zv1q.jpg,13
f570iy.jpg,3
f5m2oc.jpg,1
f5m8rs.jpg,11
f5z96d.jpg,3
f61m2v.jpg,1
f6so9c.jpg,4
f73jrf.jpg,2
f79sut.jpg,4
f7s3ue.jpg,8
f7tgq2.jpg,8
f8e7h6.jpg,0
f8wi6r.jpg,8
f8yhlx.jpg,4
f902re.jpg,2
f9axw6.jpg,4
f9fh0o.jpg,6
f9rgnh.jpg,8
f9y79f.jpg,11
f9zgtg.jpg,3
fa2rhz.jpg,2
fanayh.jpg,13
fap508.jpg,4
fapggn.jpg,6
fayi6d.jpg,3
fbh3gx.jpg,3
fbp069.jpg,5
fbrafs.jpg,1
fbvyjb.jpg,11
fccq96.jpg,0
fdqm68.jpg,13
fdvled.jpg,1
fe00hw.jpg,9
febgnq.jpg,7
fej5c6.jpg,1
ffeqjq.jpg,1
ffxstn.jpg,10
fg1ax9.jpg,4
fgfswn.jpg,0
fhmzgi.jpg,4
fhswdc.jpg,11
fi0fmt.jpg,2
fj3mqv.jpg,0
fj5mpv.jpg,10
fjfvu0.jpg,3
fjk9u6.jpg,4
fjv6i2.jpg,7
fk8utf.jpg,10
fkaqwt.jpg,2
fkigwi.jpg,13
fm036g.jpg,0
fmdui9.jpg,7
fmea84.jpg,6
fmiv5q.jpg,1
fmuycf.jpg,7
fn04f7.jpg,5
fn1rs6.jpg,4
fnc5na.jpg,10
fnfe6h.jpg,8
fnh5nu.jpg,3
fodm0z.jpg,1
fonqs2.jpg,4
fp0as2.jpg,6
fp1crn.jpg,6
fp2ppt.jpg,2
fpcf9d.jpg,13
fpmdul.jpg,7
fpsn40.jpg,10
fpz1h9.jpg,8
fqqcv1.jpg,9
fqrnwa.jpg,6
fr0gfv.jpg,1
fr8fzv.jpg,3
frciq1.jpg,11
frnj9b.jpg,6
frw7sk.jpg,7
fsawiq.jpg,8
fsc5vv.jpg,6
fsui63.jpg,4
ftiarv.jpg,6
ftkrtd.jpg,11
fu9lni.jpg,6
fv1rio.jpg,13
fvdapk.jpg,1
fvzbji.jpg,2
fwa9u1.jpg,1
fx114m.jpg,1
fxcy3v.jpg,4
fy0t59.jpg,0
fyenxa.jpg,0
fytpjo.jpg,8
fzoobc.jpg,7
fzrtcd.jpg,3
g01hd6.jpg,11
g09d0s.jpg,13
g0bxc1.jpg,13
g0te4k.jpg,2
g0yvy8.jpg,4
g11igo.jpg,3
g1kauu.jpg,3
g1ln16.jpg,1
g27n6t.jpg,5
g2bezu.jpg,13
g2z654.jpg,7
g3g2vr.jpg,14
g3n1jj.jpg,11
g3p5t6.jpg,8
g3qflx.jpg,13
g42bqr.jpg,6
g4rc8o.jpg,4
g52zkp.jpg,7
g56rq8.jpg,8
g5tihx.jpg,5
g633l9.jpg,2
g68xi9.jpg,5
g6fhku.jpg,3
g6lqm4.jpg,4
g759td.jpg,10
g7nzpj.jpg,1
g84il0.jpg,3
g8q10z.jpg,10
g9746o.jpg,1
g9jh5n.jpg,5
g9qsqo.jpg,13
ga2z5m.jpg,6
ga5p62.jpg,7
ga7agq.jpg,13
gah35p.jpg,2
gal1oi.jpg,6
gasezs.jpg,14
gazdql.jpg,2
gbhxfp.jpg,14
gbphj9.jpg,0
gbrp1f.jpg,7
gbs1g2.jpg,3
gbt738.jpg,2
gbz6u6.jpg,13
gbzw5z.jpg,8
gc5a17.jpg,4
gcnntb.jpg,0
gcw7kj.jpg,7
gdl2m4.jpg,8
gdrstf.jpg,8
gds7mm.jpg,4
ge48g1.jpg,8
gefka4.jpg,2
genq7h.jpg,3
gey99r.jpg,1
geyu6d.jpg,13
gf8act.jpg,3
gf8ws5.jpg,5
gf95x5.jpg,0
gfftty.jpg,14
gfnihf.jpg,3
gfps73.jpg,10
ggd5b9.jpg,5
ggjp25.jpg,13
ggnwrs.jpg,8
ggve3n.jpg,6
ghqr4c.jpg,6
ghrvsx.jpg,8
gi6bjf.jpg,3
gi8r3c.jpg,13
gii8fp.jpg,10
giikkb.jpg,4
gikvtt.jpg,9
gimwq0.jpg,10
giptda.jpg,11
gixeid.jpg,13
gizl11.jpg,3
gj31qd.jpg,8
gj7sxx.jpg,6
gjide2.jpg,8
gjjgst.jpg,6
gjnfbq.jpg,10
gjrko1.jpg,14
gjrtfj.jpg,1
gk5k0n.jpg,6
gkbth8.jpg,8
gkfo4d.jpg,2
gkjs38.jpg,9
gl6dka.jpg,2
glfwz1.jpg,4
glgaf8.jpg,8
gltm2j.jpg,6
glvnbp.jpg,12
gm0f1z.jpg,14
gm1fsv.jpg,7
gme57s.jpg,11
gml59a.jpg,3
gozirt.jpg,3
gp8gcw.jpg,10
gpec3p.jpg,5
gpu9gg.jpg,10
gqguzu.jpg,1
gqi2ol.jpg,4
gr31o3.jpg,8
gr4uty.jpg,7
grsft8.jpg,4
gs6juv.jpg,13
gs6kpc.jpg,13
gsd89a.jpg,4
gt2i11.jpg,0
gtg56e.jpg,13
gtukex.jpg,2
gubfdm.jpg,2
gucpol.jpg,7
guj58o.jpg,3
gupp2w.jpg,6
guwkiv.jpg,8
gux5jr.jpg,12
gvlcxh.jpg,1
gvmyzj.jpg,2
gvnh1u.jpg,2
gvpy3z.jpg,13
gvsvqv.jpg,14
gw9qoq.jpg,11
gwepel.jpg,8
gwlvy7.jpg,4
gwn45m.jpg,13
gwwjhw.jpg,13
gxvdph.jpg,8
gyb85p.jpg,11
gyinv4.jpg,13
gyp4du.jpg,10
gyrbl2.jpg,5
gz8kgf.jpg,13
gznwms.jpg,9
h04xef.jpg,7
h0icyc.jpg,9
h0jvma.jpg,6
h0plhm.jpg,7
h10szc.jpg,4
h16q2c.jpg,1
h1ibwc.jpg,4
h1wlsd.jpg,6
h25m8x.jpg,0
h32dj0.jpg,7
h3e1ah.jpg,4
h3q1xi.jpg,9
h3s0k6.jpg,6
h4okjz.jpg,10
h50n0h.jpg,1
h5cskv.jpg,0
h5jsaz.jpg,6
h5llna.jpg,0
h5puqm.jpg,8
h682ic.jpg,9
h6h05y.jpg,1
h6hfz2.jpg,6
h6nukt.jpg,9
h6p10i.jpg,3
h71uty.jpg,4
h76bnm.jpg,7
h78com.jpg,8
h7hmo8.jpg,10
h7k6zx.jpg,7
h853rq.jpg,7
h8db80.jpg,13
h8gns3.jpg,7
h939co.jpg,8
h93ra8.jpg,7
h95s58.jpg,12
h9juq3.jpg,1
h9rib9.jpg,8
h9rust.jpg,7
h9s06i.jpg,13
h9t342.jpg,10
ha0cls.jpg,13
ha7qdb.jpg,13
harlp5.jpg,6
hb1jmg.jpg,4
hbcdow.jpg,4
hc03ay.jpg,2
hc9r6i.jpg,8
hd8xkc.jpg,12
hdevts.jpg,11
hdewbx.jpg,3
hdpzi4.jpg,13
hdzld5.jpg,10
heygzc.jpg,3
hg1bqt.jpg,13
hg4ika.jpg,12
hg80vu.jpg,11
hgg8zo.jpg,13
hgxa7p.jpg,10
hh40r0.jpg,13
hhaydl.jpg,3
hhc5gr.jpg,13
hhhgmp.jpg,9
hi7ohy.jpg,13
hil7mh.jpg,1
hiphcn.jpg,11
hj05ss.jpg,6
hjm951.jpg,6
hjs0sr.jpg,13
hjtspr.jpg,9
hjvvxj.jpg,5
hkkejr.jpg,9
hkn635.jpg,7
hkpad9.jpg,7
hl41sp.jpg,8
hl5s04.jpg,3
hli474.jpg,6
hlo0gu.jpg,9
hlvbue.jpg,1
hlzpe5.jpg,7
hmpxcu.jpg,10
hmrg44.jpg,7
hmtchh.jpg,10
hmuhyl.jpg,5
hmyth1.jpg,3
hn51vf.jpg,6
hn81x0.jpg,4
hnbg3f.jpg,14
hnd77s.jpg,13
hnh9n8.jpg,7
hnnlb4.jpg,4
hnx1yu.jpg,10
hok0yi.jpg,12
hop7y8.jpg,8
hozto2.jpg,13
hp34q7.jpg,2
hp527q.jpg,13
hq2gho.jpg,1
hq6p72.jpg,8
hqao33.jpg,2
hqcopv.jpg,14
hqqivi.jpg,10
hr0mp5.jpg,3
hrtr7a.jpg,8
hrwo4d.jpg,10
hseb9k.jpg,10
htb2kj.jpg,11
htf6q9.jpg,8
htndkm.jpg,13
hv53kn.jpg,1
hvab8n.jpg,1
hvqfsy.jpg,13
hvri88.jpg,3
hvyawp.jpg,2
hwjwis.jpg,8
hwr877.jpg,1
hwrhbv.jpg,5
hwri0x.jpg,13
hwvlru.jpg,2
hx1det.jpg,2
hyefua.jpg,5
hyoyfh.jpg,6
hzgnpg.jpg,12
hzomz9.jpg,2
hzqexv.jpg,3
i0sv4s.jpg,6
i16ico.jpg,7
i1f5xb.jpg,4
i1pnbe.jpg,6
i279o2.jpg,2
i291jo.jpg,1
i2v6f7.jpg,2
i38hu6.jpg,3
i3elwp.jpg,13
i3ew06.jpg,3
i3o8ay.jpg,5
i4axia.jpg,7
i4c3sz.jpg,7
i4rfxv.jpg,10
i4yyry.jpg,14
i5qxxz.jpg,13
i5u2l7.jpg,8
i630wm.jpg,1
i6ix82.jpg,6
i6kcfk.jpg,7
i79jjl.jpg,3
i7m1iw.jpg,8
i8bwqz.jpg,13
i8fw45.jpg,14
i8km9t.jpg,8
i8ykv9.jpg,1
i8zl6d.jpg,5
i9c4fj.jpg,2
i9fzxi.jpg,8
i9jeki.jpg,14
i9oirk.jpg,1
iah4xw.jpg,2
iakisw.jpg,13
ialhdr.jpg,5
ib9vgq.jpg,7
ibb7np.jpg,4
ibcxhm.jpg,2
ibj79f.jpg,0
ibrkb0.jpg,3
icjlox.jpg,7
ide56o.jpg,7
idf6wu.jpg,2
idk554.jpg,4
idm0hj.jpg,10
idvu3q.jpg,10
ie3mp6.jpg,4
ie80bn.jpg,3
ie9ssq.jpg,2
iedvhk.jpg,6
ieu19y.jpg,5
if0quy.jpg,8
if3ku1.jpg,3
if5mw2.jpg,6
ifb35i.jpg,8
ifc83g.jpg,8
ig3nn4.jpg,3
igu0u8.jpg,6
ih3fs5.jpg,13
ihawpk.jpg,11
ihfxwe.jpg,6
ihhda9.jpg,14
ihmt2r.jpg,7
ihv8q2.jpg,6
ii3wdd.jpg,6
ii7poe.jpg,4
ii8a0f.jpg,2
ij64jd.jpg,14
il8s5m.jpg,1
ilfsf3.jpg,6
ilmuxl.jpg,5
injope.jpg,8
io1tf0.jpg,1
io72zl.jpg,2
iog2c0.jpg,1
iom5c8.jpg,2
iox7yj.jpg,11
iox8qv.jpg,1
ipeio4.jpg,1
ipigr6.jpg,10
ipu9u2.jpg,8
ipz4fd.jpg,6
iqegtz.jpg,10
iqonfz.jpg,7
iquz3k.jpg,13
iqzdcz.jpg,1
irh22j.jpg,8
irhvbk.jpg,5
irwgdj.jpg,1
is3z44.jpg,8
isxxwg.jpg,11
it0jg3.jpg,1
it0xeh.jpg,11
it413f.jpg,9
it42oh.jpg,10
itp709.jpg,4
iu773v.jpg,10
iu78n2.jpg,3
iuz43x.jpg,14
iv74dj.jpg,2
iv8gk1.jpg,10
ivqena.jpg,2
iwnou7.jpg,3
ix2oh3.jpg,13
ixxpmh.jpg,8
ixzkju.jpg,4
iycavo.jpg,7
iyfzx8.jpg,8
iyofo4.jpg,8
iytjcv.jpg,10
izeuha.jpg,13
izff1v.jpg,1
izgt8j.jpg,5
izjlfy.jpg,13
izxf6k.jpg,10
j02t38.jpg,6
j0bllt.jpg,9
j0s559.jpg,8
j0u8oz.jpg,11
j0yqcb.jpg,9
j10a1e.jpg,11
j16f4x.jpg,14
j1lm2k.jpg,9
j29us0.jpg,0
j2df65.jpg,10
j2is0l.jpg,1
j2y7lq.jpg,2
j3cj82.jpg,14
j3zasr.jpg,3
j45o4g.jpg,14
j4cwz6.jpg,2
j50alh.jpg,1
j5jd2u.jpg,7
j6fqz5.jpg,7
j6jy3n.jpg,6
j6lbma.jpg,9
j736gc.jpg,4
j7gyun.jpg,10
j7mqis.jpg,8
j7ol8u.jpg,1
j87zac.jpg,10
j8s1w2.jpg,5
j9shfe.jpg,7
ja4htw.jpg,1
ja81t2.jpg,6
jb3t6o.jpg,14
jbh7vp.jpg,13
jc73p9.jpg,2
jca1cz.jpg,8
jcd4no.jpg,4
jcror9.jpg,11
jd4vpo.jpg,3
jd53k7.jpg,6
jd808i.jpg,1
jdpwhz.jpg,3
jdrt61.jpg,0
jdtomx.jpg,6
je3185.jpg,4
jecq12.jpg,13
jen4jj.jpg,11
jeqyd8.jpg,0
jf843e.jpg,13
jfaakw.jpg,4
jfgbin.jpg,14
jfmwi4.jpg,10
jfokso.jpg,7
jfrvoc.jpg,8
jfyqg0.jpg,9
jgfc52.jpg,14
jh7eb7.jpg,1
jhf05m.jpg,6
ji8te0.jpg,9
jibc4f.jpg,6
jik1vp.jpg,7
jikc5n.jpg,6
jirkin.jpg,13
jisz5u.jpg,3
jiw1q0.jpg,12
jj77o2.jpg,12
jj8nl7.jpg,2
jjjjkc.jpg,6
jjl7kd.jpg,8
jjpnj8.jpg,5
jjpnkj.jpg,2
jk32hr.jpg,6
jk6c94.jpg,10
jk9pnm.jpg,6
jko637.jpg,8
jkt548.jpg,3
jkvcpt.jpg,13
jlform.jpg,3
jllqc1.jpg,13
jls4p0.jpg,13
jmgp9d.jpg,2
jmnge2.jpg,0
jn4oay.jpg,1
jng051.jpg,1
jo34e4.jpg,3
jov47k.jpg,13
joyn5j.jpg,3
jp12ix.jpg,1
jpoh5g.jpg,11
jpydrl.jpg,7
jqcuwk.jpg,11
jqimwk.jpg,8
jqyrgx.jpg,2
jr53v6.jpg,11
jr6olg.jpg,1
js3q3k.jpg,5
jstdie.jpg,3
jstem5.jpg,2
jt37rt.jpg,10
jtnype.jpg,6
ju2boj.jpg,0
jumhb4.jpg,14
jvbwe8.jpg,7
jw1dxz.jpg,2
jwg6in.jpg,6
jwnc1z.jpg,3
jx6nqk.jpg,14
jx9gvo.jpg,7
jxpfgd.jpg,13
jxr91y.jpg,3
jyadxi.jpg,8
jyaf5d.jpg,6
jyecrc.jpg,5
jylis0.jpg,4
jyvidr.jpg,6
jyxxm6.jpg,6
jz2aky.jpg,5
jz9jnc.jpg,7
jzh89e.jpg,4
k0kqf4.jpg,1
k15ckq.jpg,7
k1fd12.jpg,7
k1j65b.jpg,7
k1tffa.jpg,5
k1x0p0.jpg,1
k2f9oi.jpg,3
k2wuv0.jpg,11
k30bk4.jpg,1
k3cv1u.jpg,9
k3or2v.jpg,7
k3rllg.jpg,1
k3x2jm.jpg,5
k4261p.jpg,7
k4fg4t.jpg,2
k4z9m6.jpg,8
k57ok4.jpg,8
k5i8k2.jpg,2
k68gfn.jpg,6
k6hasl.jpg,4
k6o30p.jpg,8
k702g9.jpg,8
k7bdxq.jpg,6
k8chy0.jpg,5
k8m4xg.jpg,10
k90kew.jpg,1
k94677.jpg,12
k99slb.jpg,8
kan9f6.jpg,8
kanelc.jpg,1
kav9rp.jpg,1
kb3wse.jpg,5
kb6fce.jpg,10
kbiakn.jpg,6
kbpig7.jpg,10
kbv4rf.jpg,14
kc0fqj.jpg,13
kcal60.jpg,4
kcd9hs.jpg,2
kcdjij.jpg,1
kch73m.jpg,5
kchj9q.jpg,7
kd6fip.jpg,1
kd7khx.jpg,12
kdsq8h.jpg,8
kdxt2q.jpg,6
ke197b.jpg,6
ke5qc7.jpg,6
ke8i6h.jpg,11
keh195.jpg,8
kej21k.jpg,13
kerk61.jpg,6
keujk5.jpg,9
kexdae.jpg,4
kezh96.jpg,0
kezilx.jpg,10
kf3mh3.jpg,1
kfcseg.jpg,1
kfia6p.jpg,3
kfqjy9.jpg,13
kg9kbo.jpg,11
kgbbwr.jpg,8
kgd3ho.jpg,3
kgegj7.jpg,1
kgovqk.jpg,6
kgw9ao.jpg,14
kgyr32.jpg,13
kicwxo.jpg,7
kik9vw.jpg,1
kka1n2.jpg,5
kkdq48.jpg,6
kkk8zx.jpg,6
kkkjec.jpg,1
kkxpap.jpg,3
kl5fle.jpg,7
klsbr1.jpg,11
klxd55.jpg,13
kmvsex.jpg,4
kmyc57.jpg,5
knja7x.jpg,6
knk7eu.jpg,6
knky14.jpg,7
knoqa8.jpg,8
know6l.jpg,3
ko52ur.jpg,1
kokzw2.jpg,3
kop9wo.jpg,13
kozpc1.jpg,8
kp311m.jpg,10
kpmyfy.jpg,14
kpr7mt.jpg,8
kqcb8x.jpg,6
kqk03e.jpg,4
kqsnis.jpg,6
kr1g9u.jpg,10
krnow2.jpg,13
ks4wi8.jpg,10
ks9ar1.jpg,7
kssxre.jpg,2
kstjbx.jpg,6
kteuvq.jpg,1
kulvsc.jpg,2
kv81tz.jpg,3
kvwy5w.jpg,3
kwixkt.jpg,2
kwu3kt.jpg,10
kwuynu.jpg,3
kxiwne.jpg,6
kxleg4.jpg,3
kxm92z.jpg,7
ky4dam.jpg,6
kykkwi.jpg,1
kz1ptl.jpg,9
kz345g.jpg,13
kz5axf.jpg,6
kzgnnw.jpg,10
l0lyfp.jpg,13
l0mtmq.jpg,5
l0nnmu.jpg,8
l0wjp0.jpg,14
l0xz3s.jpg,13
l0zc0a.jpg,7
l2v5k1.jpg,11
l32vah.jpg,8
l349i8.jpg,1
l4db7k.jpg,6
l4eapd.jpg,7
l4op8i.jpg,9
l4ua7b.jpg,8
l5afqm.jpg,2
l5yf76.jpg,7
l6rh6g.jpg,10
l6tabn.jpg,3
l70jto.jpg,10
l746b4.jpg,7
l76w1a.jpg,9
l7ejek.jpg,8
l7fms7.jpg,7
l7o80b.jpg,7
l7zljw.jpg,7
l89ykz.jpg,7
l8leur.jpg,6
l8ljqy.jpg,14
l8yskk.jpg,14
l90ivd.jpg,13
l951id.jpg,6
l99o0v.jpg,2
l99qn0.jpg,8
l9wxzq.jpg,12
la7rek.jpg,8
la8igm.jpg,10
lao6ir.jpg,8
lbbph5.jpg,8
lberjn.jpg,13
lbg70c.jpg,3
lbhl8b.jpg,8
lbmiu7.jpg,11
lc1frs.jpg,8
lc6t8c.jpg,6
lcqd98.jpg,4
lcv3tf.jpg,5
ld19v4.jpg,3
ld1dk4.jpg,13
ldeaat.jpg,1
le1j4j.jpg,14
legvj6.jpg,7
lekmvi.jpg,5
lepfxi.jpg,13
ley1wh.jpg,13
lf1nfg.jpg,5
lfd28s.jpg,1
lfypnn.jpg,5
lfz1nn.jpg,13
lgqz67.jpg,6
lgtihz.jpg,3
lhc8kk.jpg,0
lhh1q2.jpg,5
lhlvz0.jpg,8
lhojpe.jpg,0
lhszcu.jpg,14
li30za.jpg,1
li3p9g.jpg,11
lilwde.jpg,8
ljee0i.jpg,7
ljwlzv.jpg,8
lk4hbi.jpg,4
lkadmu.jpg,1
lklwlp.jpg,10
lkszg5.jpg,2
lkueg8.jpg,13
lll7ke.jpg,1
llssaz.jpg,6
lltrjr.jpg,10
llyfv9.jpg,5
lmamm0.jpg,2
ln7q3d.jpg,2
ln8hpq.jpg,3
lnd40g.jpg,1
lnzry3.jpg,13
lo8p7a.jpg,6
lohlq7.jpg,5
lor0kr.jpg,6
lot0lh.jpg,3
lotlz6.jpg,8
lpbmcl.jpg,4
lpf2ce.jpg,3
lpuwvq.jpg,6
lq8eon.jpg,1
lq913a.jpg,6
lra4fw.jpg,1
lrq7s3.jpg,3
lrud0n.jpg,3
lso0qe.jpg,3
lsu6ab.jpg,8
lu46of.jpg,5
lu7ynn.jpg,7
luaag2.jpg,7
luuqt4.jpg,9
luzrhc.jpg,8
lv6kxk.jpg,1
lv78g8.jpg,6
lvo1ct.jpg,6
lvx56r.jpg,6
lwmmjt.jpg,5
lwo2eg.jpg,9
ly0p05.jpg,8
lyar4r.jpg,3
lyfvqo.jpg,3
lyy2a9.jpg,13
lyzp3r.jpg,6
lzn82r.jpg,1
lzp0tt.jpg,8
m0q8mr.jpg,3
m11ml4.jpg,0
m17tj0.jpg,1
m1k2x8.jpg,4
m23fdz.jpg,14
m24he7.jpg,10
m2a8nw.jpg,8
m3b2f8.jpg,13
m3trfn.jpg,8
m3u2yz.jpg,6
m4z570.jpg,5
m53r9a.jpg,13
m5fd1r.jpg,8
m5jctj.jpg,8
m5l8p1.jpg,9
m5nxhl.jpg,6
m6eu26.jpg,2
m6jl65.jpg,1
m6w4zy.jpg,10
m748gu.jpg,9
m7q163.jpg,4
m7t9qy.jpg,3
m80fq2.jpg,9
m820c9.jpg,14
m84dg8.jpg,6
m89v05.jpg,3
m8keg6.jpg,3
m8n6p7.jpg,5
m8onh1.jpg,8
m95dai.jpg,2
m9i79a.jpg,5
ma30j3.jpg,3
maj5yj.jpg,3
mat95x.jpg,14
mbahk2.jpg,2
mbdlka.jpg,11
mbfp9s.jpg,6
mbij5m.jpg,3
mc8q8a.jpg,1
mcco9e.jpg,2
mcfffm.jpg,13
mcj9m3.jpg,8
mcvwki.jpg,14
mdfatf.jpg,8
mdktzf.jpg,6
me0idp.jpg,1
meepwx.jpg,9
mejk4l.jpg,7
mer6lb.jpg,0
mex70x.jpg,10
mfuu50.jpg,6
mg0gmg.jpg,14
mgbbha.jpg,5
mgjxyt.jpg,2
mgkusl.jpg,4
mgkyj3.jpg,6
mgruqf.jpg,13
mgy7v4.jpg,0
mgywp6.jpg,6
mh38hx.jpg,5
mhmgqe.jpg,14
mhsvvv.jpg,13
mhxypc.jpg,11
mja3kk.jpg,10
mjnu5i.jpg,3
mjnv5m.jpg,7
mjur5x.jpg,10
mjwj4n.jpg,8
mkknty.jpg,7
mkquio.jpg,10
mks9so.jpg,13
mktbrm.jpg,5
mkxia1.jpg,8
ml2a57.jpg,6
ml68o4.jpg,8
ml96v3.jpg,13
mlyae6.jpg,9
mm3o2m.jpg,8
mm8evr.jpg,8
mmcezb.jpg,2
mmny9v.jpg,0
mmqkwa.jpg,1
mmul07.jpg,14
mmw3kn.jpg,5
mn734i.jpg,8
mnm7xy.jpg,8
mnolpd.jpg,4
mnpqrj.jpg,10
mo7mob.jpg,7
moo8sv.jpg,6
mormlg.jpg,8
morqij.jpg,10
mp2m8m.jpg,13
mpmcb8.jpg,8
mqgd78.jpg,0
mrogya.jpg,12
mry1qo.jpg,13
mry70l.jpg,12
ms49k5.jpg,3
ms4hnx.jpg,1
msy2ss.jpg,0
mt1760.jpg,6
mtbsd6.jpg,3
mtmyvd.jpg,10
mto2w1.jpg,13
muh30p.jpg,11
muqjiv.jpg,10
muuk4r.jpg,0
mv4g7m.jpg,0
mvu9eq.jpg,0
mvvko6.jpg,6
mvy3yq.jpg,13
mwcqyz.jpg,13
mwd0ga.jpg,5
mwfwoa.jpg,0
mwtr04.jpg,8
mwxl3o.jpg,2
mwxvf1.jpg,6
mx9cu8.jpg,2
mxav50.jpg,11
mxbxb7.jpg,11
mxivqa.jpg,3
mxt96h.jpg,4
mz0jyl.jpg,10
mzgrns.jpg,6
mzqve5.jpg,4
n044y6.jpg,9
n04v5n.jpg,7
n0bto8.jpg,6
n0q503.jpg,7
n0tigm.jpg,8
n0vcx1.jpg,7
n15gzn.jpg,14
n1ataq.jpg,8
n1e0ne.jpg,13
n1sqxp.jpg,6
n1u4uh.jpg,2
n1wh74.jpg,1
n228a6.jpg,0
n2j007.jpg,6
n2vgo9.jpg,7
n31rta.jpg,10
n37u36.jpg,2
n3jkct.jpg,14
n3wg2g.jpg,1
n40lff.jpg,7
n41bgo.jpg,14
n58uwa.jpg,6
n5cf21.jpg,4
n60bk5.jpg,4
n705xf.jpg,11
n722dy.jpg,5
n764j2.jpg,7
n7jft2.jpg,1
n7nm4v.jpg,0
n7ob1y.jpg,6
n7t6ib.jpg,1
n8a0id.jpg,11
n8k875.jpg,4
n92f4u.jpg,3
na565f.jpg,0
nalidk.jpg,1
nb61pd.jpg,11
nb745a.jpg,14
nd3gds.jpg,6
ndcedy.jpg,13
ndh88c.jpg,12
ndjeeg.jpg,3
ndogz5.jpg,13
ndq4ba.jpg,9
ndz9ux.jpg,8
nene62.jpg,11
nepkej.jpg,2
nex1zv.jpg,7
nfhadp.jpg,0
ng8h5b.jpg,3
ng9gvj.jpg,0
ngkx2x.jpg,9
ngmsmj.jpg,2
nh6b8a.jpg,8
nhkjs8.jpg,3
nhz44j.jpg,7
ni5cjf.jpg,3
njccmq.jpg,8
njkxhi.jpg,6
njqxps.jpg,7
njvqho.jpg,4
njvuew.jpg,13
nkadpv.jpg,5
nkx0as.jpg,6
nluknd.jpg,13
nn6ekv.jpg,8
nnbptf.jpg,2
nnch5y.jpg,0
nncvlz.jpg,4
nnpwcr.jpg,5
nnztb6.jpg,13
no2mx3.jpg,11
nohy0u.jpg,6
nous0s.jpg,7
np37k7.jpg,1
np6iqc.jpg,10
npae7y.jpg,0
nph7w2.jpg,7
npigty.jpg,6
nqexl4.jpg,7
nquemu.jpg,1
nr8s0t.jpg,7
ns3w84.jpg,13
nsl52t.jpg,6
nsxrdw.jpg,7
nt3ucf.jpg,11
nthzrp.jpg,14
nu5joy.jpg,6
nu7wmm.jpg,9
nu8uza.jpg,8
numrim.jpg,13
nupyyf.jpg,8
nustdy.jpg,10
nut3om.jpg,2
nux9yi.jpg,9
nuxn9u.jpg,7
nva2ic.jpg,4
nvfmij.jpg,2
nvk29c.jpg,13
nw3eym.jpg,13
nw6y1a.jpg,6
nw7nau.jpg,1
nwglxd.jpg,14
nwk9py.jpg,5
nxckwv.jpg,1
nxkiat.jpg,5
nxm81r.jpg,9
nyedqa.jpg,0
nyj22n.jpg,9
nymre8.jpg,4
nywhe8.jpg,11
nywmzq.jpg,3
nz2ewj.jpg,8
nz5ycx.jpg,13
nzyl10.jpg,6
o0jv9o.jpg,2
o0kzw4.jpg,6
o0xm7f.jpg,10
o1345q.jpg,1
o1508q.jpg,10
o1nem1.jpg,11
o1srs8.jpg,3
o1zly8.jpg,14
o2bhaz.jpg,7
o2l1hx.jpg,10
o2qbwc.jpg,7
o2wsum.jpg,14
o30wxz.jpg,8
o31nsm.jpg,7
o343bz.jpg,4
o36w8m.jpg,6
o3cagd.jpg,7
o3f6bx.jpg,4
o46o40.jpg,12
o48ytc.jpg,7
o4f8x9.jpg,13
o4hkkr.jpg,5
o4j9bh.jpg,14
o56pq1.jpg,3
o58819.jpg,8
o5o7hm.jpg,3
o5x4ss.jpg,2
o65cii.jpg,14
o66pb2.jpg,6
o79epp.jpg,4
o7ulsa.jpg,13
o7ulw5.jpg,8
o7uqkr.jpg,6
o7z3y7.jpg,11
o801h0.jpg,4
o89h7s.jpg,6
o8hr7y.jpg,1
o8mwvo.jpg,0
o8mydl.jpg,1
o8xvab.jpg,2
o9q6rx.jpg,7
oa6s97.jpg,14
oaaxob.jpg,2
oabzxd.jpg,8
oag79q.jpg,9
oani89.jpg,6
ob1y2x.jpg,2
ob21vt.jpg,10
ob3yx9.jpg,7
obevyk.jpg,9
obfa7d.jpg,2
obyekx.jpg,1
obyfyg.jpg,3
oc0rma.jpg,8
ocmy6r.jpg,8
ocwltp.jpg,11
odqg8r.jpg,8
odz928.jpg,10
oemxa4.jpg,4
oetw8i.jpg,13
of1ki9.jpg,10
of2v92.jpg,4
ofegbt.jpg,3
og0ij5.jpg,8
og8sz4.jpg,6
oghxsh.jpg,7
ogja1x.jpg,9
oh72rr.jpg,7
ohg23q.jpg,1
ohi59o.jpg,0
ohiu4j.jpg,8
ohu1vx.jpg,3
ohumq0.jpg,8
ohy4bf.jpg,7
ohyxg8.jpg,7
oj72h0.jpg,3
oj74nv.jpg,13
ok3dka.jpg,1
ok4ddn.jpg,8
okxztf.jpg,1
ol6bsi.jpg,0
olsclo.jpg,4
omk8gr.jpg,4
on0575.jpg,6
on204j.jpg,1
onc53d.jpg,3
onctf9.jpg,14
ong3u0.jpg,5
onyq2h.jpg,14
onzc4k.jpg,6
ookbgd.jpg,12
oolapd.jpg,11
oou5up.jpg,10
op2u8f.jpg,13
opammq.jpg,5
opb8dj.jpg,8
opbeax.jpg,6
opewyx.jpg,11
opyu8f.jpg,14
oqisx8.jpg,6
oqow4c.jpg,13
os4gp2.jpg,1
osjvxg.jpg,1
oskl7f.jpg,1
osx8h8.jpg,1
otixar.jpg,6
otqymg.jpg,1
otwztq.jpg,3
oty1q8.jpg,7
ouov1r.jpg,3
ouxhrc.jpg,9
ov70a0.jpg,4
ov7pvs.jpg,13
ovosd1.jpg,8
ovpl0r.jpg,10
ovqh9m.jpg,3
owhecb.jpg,3
ownd6t.jpg,4
owq8cn.jpg,0
owsc78.jpg,6
ox0yiz.jpg,1
ox6gue.jpg,7
oxdw1n.jpg,5
oxn1ui.jpg,7
oxp4g7.jpg,1
oxw1ko.jpg,1
oy09tw.jpg,0
oy9zsg.jpg,10
oyi6ji.jpg,10
oyiy5b.jpg,1
oyl7r3.jpg,1
oyr468.jpg,13
oywcn1.jpg,13
oza4lj.jpg,12
p0twyz.jpg,8
p0vlh8.jpg,10
p1uk7c.jpg,6
p2bphv.jpg,4
p2lvx4.jpg,7
p346c6.jpg,13
p35zbl.jpg,14
p38fhi.jpg,4
p3juui.jpg,11
p3ogr3.jpg,12
p3u72i.jpg,9
p3zk5a.jpg,2
p45qd6.jpg,5
p46in3.jpg,5
p4fhwm.jpg,5
p4rahw.jpg,7
p4sr2u.jpg,8
p4zi7h.jpg,13
p571ek.jpg,9
p5ln23.jpg,3
p5n7gd.jpg,9
p5p4a1.jpg,5
p624t2.jpg,4
p6v3zu.jpg,2
p6xb9x.jpg,3
p6xgjy.jpg,2
p74uqr.jpg,8
p7oep2.jpg,6
p83j6k.jpg,14
p8b3lm.jpg,13
p8cdm1.jpg,0
p8g1qk.jpg,6
p8hgrm.jpg,13
p8t2t1.jpg,4
p982lw.jpg,5
p9w9dp.jpg,11
pa5702.jpg,4
pa5taf.jpg,13
pa75xq.jpg,13
paifbn.jpg,4
pboqzl.jpg,4
pbueiu.jpg,4
pbzc1y.jpg,10
pcdf9f.jpg,1
pcfzp4.jpg,11
pci4oj.jpg,8
pd2liy.jpg,13
pdh2bg.jpg,3
pdk97y.jpg,4
pdnn6o.jpg,7
pdrrsd.jpg,6
pe9a1w.jpg,7
pet7zm.jpg,5
pf7aqf.jpg,5
pgcuhe.jpg,6
pguzsc.jpg,11
ph2zhb.jpg,1
ph3js0.jpg,11
phbkrw.jpg,11
phvaaw.jpg,11
pi1k7r.jpg,6
pi5k0w.jpg,4
pife5u.jpg,1
pionwo.jpg,7
pix8tl.jpg,8
pjotrz.jpg,1
pjqlhm.jpg,5
pku6ad.jpg,14
pllytw.jpg,0
plnf7f.jpg,2
pltgqe.jpg,3
pm0yhj.jpg,4
pm6z1q.jpg,9
pmm0d2.jpg,3
pmqdiy.jpg,10
pnayio.jpg,7
pnnhd9.jpg,6
pno3m1.jpg,1
po11lh.jpg,6
pomifm.jpg,13
posxbw.jpg,1
pp30bu.jpg,9
ppdlks.jpg,6
ppec1i.jpg,11
ppoyu5.jpg,3
pq4331.jpg,7
pqag0r.jpg,7
pqwrxk.jpg,11
pqya5z.jpg,13
pr640m.jpg,1
pr66mq.jpg,11
prk5ft.jpg,11
prwl54.jpg,7
prxi0r.jpg,14
ps3o3r.jpg,6
ps3tq4.jpg,7
ps5071.jpg,7
pt92u9.jpg,1
ptiblk.jpg,13
ptr33x.jpg,7
pu3gos.jpg,6
pufeca.jpg,1
puisap.jpg,12
pul05e.jpg,8
pvb1yh.jpg,6
pvm65g.jpg,12
pvottu.jpg,13
pwis1w.jpg,10
pwmavb.jpg,4
px5sah.jpg,2
pxb07i.jpg,10
pxivt4.jpg,7
pxrbz6.jpg,6
pxsddz.jpg,2
py8rv7.jpg,4
pyhd89.jpg,14
pz7po2.jpg,13
pzer6b.jpg,2
q04nqz.jpg,13
q0tany.jpg,6
q0x5x5.jpg,1
q0yg1j.jpg,7
q1dg83.jpg,7
q1klx6.jpg,5
q1o13g.jpg,0
q1unil.jpg,12
q2257v.jpg,13
q27xsf.jpg,4
q2he79.jpg,3
q2hx0m.jpg,6
q2ynmb.jpg,14
q3ik9j.jpg,3
q3nugw.jpg,9
q3qhgu.jpg,13
q4czpg.jpg,10
q4e9fp.jpg,6
q4el5r.jpg,4
q4g1s3.jpg,2
q4l5h0.jpg,0
q4x5j0.jpg,8
q5dh2e.jpg,10
q5z2n0.jpg,7
q6heuu.jpg,6
q6s7rd.jpg,6
q72qgn.jpg,5
q7izrp.jpg,1
q7tq7t.jpg,10
q7xwsv.jpg,3
q8br2a.jpg,6
q8osm8.jpg,3
q8qsu7.jpg,2
q9oeci.jpg,13
qahg6b.jpg,5
qattsx.jpg,6
qaw8yw.jpg,3
qazoya.jpg,9
qb6cjs.jpg,13
qbja2a.jpg,5
qbklp0.jpg,3
qbp37w.jpg,11
qc24xl.jpg,9
qc6hgv.jpg,7
qcd0pi.jpg,6
qcvuth.jpg,11
qdsnj1.jpg,1
qdvgk3.jpg,14
qe20dk.jpg,6
qe7wpb.jpg,14
qetf8e.jpg,7
qfg9gs.jpg,4
qfjof0.jpg,6
qfnqdh.jpg,7
qg00qe.jpg,7
qg0f1a.jpg,13
qhrh8h.jpg,14
qhwjnl.jpg,11
qi8uhd.jpg,13
qibfxo.jpg,6
qiv4ht.jpg,8
qk1mrp.jpg,1
qk2ek0.jpg,11
qkel8s.jpg,1
qkwhmv.jpg,9
qldnyk.jpg,4
qlokds.jpg,11
qmn49q.jpg,3
qmvw1j.jpg,8
qo6ljp.jpg,5
qoi73t.jpg,13
qoj6gt.jpg,2
qoodju.jpg,1
qovv2t.jpg,2
qp5kic.jpg,6
qpdr9d.jpg,1
qpn3iv.jpg,7
qpniuy.jpg,8
qpsled.jpg,4
qpwjg4.jpg,3
qqgq19.jpg,2
qqpamo.jpg,6
qqrm95.jpg,1
qs0xm3.jpg,8
qs1evc.jpg,13
qs69ee.jpg,6
qsdp6k.jpg,13
qsh4f3.jpg,9
qsuic5.jpg,2
qswiim.jpg,3
qt4xzm.jpg,13
qt63ww.jpg,2
qtkatx.jpg,9
qtpv32.jpg,14
quhi9n.jpg,8
qujnw0.jpg,1
qv0t7w.jpg,6
qvhmed.jpg,3
qvm0rq.jpg,14
qvqi8j.jpg,3
qvs4z9.jpg,10
qvu4k2.jpg,3
qvxxjm.jpg,6
qwkyds.jpg,6
qwl28e.jpg,3
qwpjoe.jpg,7
qxh0hk.jpg,13
qxl7rz.jpg,4
qy6tx2.jpg,8
qy6ueu.jpg,5
qy7mt9.jpg,9
qycmkm.jpg,8
qyg63n.jpg,6
qyk5rv.jpg,9
qzamp6.jpg,7
qzt0ci.jpg,4
qztehy.jpg,3
r0r9z7.jpg,3
r0vnot.jpg,7
r11l50.jpg,9
r1bvkt.jpg,13
r1dwjr.jpg,0
r1gltt.jpg,4
r1qq4h.jpg,4
r1wnqf.jpg,3
r25c65.jpg,2
r36pzw.jpg,13
r3famb.jpg,1
r3vg3h.jpg,7
r40evs.jpg,7
r46qh1.jpg,3
r4atez.jpg,2
r4h6ud.jpg,14
r4le9i.jpg,0
r5degw.jpg,13
r65iww.jpg,6
r6e4zt.jpg,4
r6jzl8.jpg,13
r6vx4r.jpg,8
r6zf1w.jpg,7
r75l74.jpg,1
r7c25e.jpg,9
r7e2j4.jpg,6
r7kz07.jpg,11
r7wduy.jpg,10
r88q6g.jpg,3
r8eyne.jpg,11
r8gcn2.jpg,7
r8hzf8.jpg,4
r8s0a6.jpg,8
r95uuu.jpg,10
r99uyc.jpg,1
r9ov0c.jpg,3
r9v990.jpg,3
rbfkhy.jpg,2
rck10s.jpg,7
rck229.jpg,11
rd4nd0.jpg,10
rdcds2.jpg,3
rdcq2f.jpg,2
rdkr2l.jpg,7
rdr8ze.jpg,2
rdue5k.jpg,1
rerwtn.jpg,3
rf88y4.jpg,6
rff5k3.jpg,14
rfjec8.jpg,14
rfz5y4.jpg,13
rg70b1.jpg,8
rgeo00.jpg,3
rghud1.jpg,13
rh24q2.jpg,2
rh2b5v.jpg,6
rh75yd.jpg,6
rhedlr.jpg,6
rhhk7d.jpg,1
rhrepw.jpg,2
rired6.jpg,7
riv54a.jpg,1
riwd98.jpg,1
rj0rpq.jpg,1
rj3a3p.jpg,7
rjh61y.jpg,2
rjrz9j.jpg,6
rjs1sp.jpg,4
rjz343.jpg,12
rk7v9j.jpg,11
rk8abj.jpg,3
rkjsih.jpg,3
rkk91c.jpg,5
rkvpjw.jpg,6
rkxw0f.jpg,5
rl0h8c.jpg,7
rlleub.jpg,0
rm1wgh.jpg,2
rm2kga.jpg,8
rm9vld.jpg,12
rmo1hn.jpg,2
rmpt9e.jpg,14
rmwqdc.jpg,4
rnc4cr.jpg,13
robzaw.jpg,4
rovz0e.jpg,13
rp2hx6.jpg,4
rpe2x4.jpg,6
rph4qu.jpg,6
rph8uo.jpg,11
rpi4va.jpg,4
rpokbb.jpg,10
rpoo7q.jpg,6
rpw8on.jpg,7
rq6lxm.jpg,3
rqkau3.jpg,14
rqkejh.jpg,11
rrawe7.jpg,3
rrb7ru.jpg,13
rrbs8u.jpg,1
rremm4.jpg,8
rrt19p.jpg,13
rsp6n7.jpg,5
rsuc6e.jpg,6
rsz8u5.jpg,13
rt0ve7.jpg,1
rt66b4.jpg,6
rt69me.jpg,8
rtj060.jpg,3
rtpav4.jpg,13
rtt4pk.jpg,2
ru0sl7.jpg,0
ru4er4.jpg,1
ruz1ez.jpg,7
rvwxbf.jpg,0
rw0ias.jpg,6
rw9m0c.jpg,11
rwdu7v.jpg,8
rwt38o.jpg,5
rx0834.jpg,1
rxjuqb.jpg,12
rxtjyx.jpg,6
rxyylg.jpg,6
ryjgte.jpg,10
rymi9p.jpg,10
ryz1ks.jpg,4
rz3x2c.jpg,13
rz50rn.jpg,7
rzdst5.jpg,9
rzjgyy.jpg,6
rzlej0.jpg,11
rzwcp1.jpg,10
rzwwbu.jpg,13
s00hjr.jpg,1
s02r84.jpg,3
s0ltmv.jpg,7
s0wcoq.jpg,3
s189lz.jpg,3
s1lm3i.jpg,4
s1oiy6.jpg,14
s1ruue.jpg,3
s2iy0n.jpg,1
s34y08.jpg,10
s3aw39.jpg,6
s3bdy6.jpg,6
s3k3xy.jpg,14
s3ngcp.jpg,0
s3t77k.jpg,1
s3waiw.jpg,10
s442pp.jpg,11
s4gmsi.jpg,7
s4pw00.jpg,13
s55y8u.jpg,7
s58hn5.jpg,8
s5oqmo.jpg,13
s5rq58.jpg,6
s5xk6l.jpg,10
s644hm.jpg,2
s6chsu.jpg,6
s6ge0j.jpg,14
s6qgjc.jpg,13
s6rr88.jpg,8
s6shx8.jpg,4
s6v0d4.jpg,0
s7xdem.jpg,8
s8hqj1.jpg,2
sabp9v.jpg,1
sajgfh.jpg,8
sb59gy.jpg,11
sblcdr.jpg,14
sbo0me.jpg,13
sbz2ux.jpg,0
sccf2o.jpg,7
scwvs0.jpg,13
scxzje.jpg,13
se0yeg.jpg,8
se44f1.jpg,11
se72k1.jpg,6
seamqn.jpg,13
sebpmy.jpg,13
sewonc.jpg,13
sf172m.jpg,6
sf46u7.jpg,6
sf95ir.jpg,8
sfdgq3.jpg,2
sfkfcs.jpg,7
sfr1ie.jpg,8
sg0ey9.jpg,13
sg89j0.jpg,13
sg8hwh.jpg,6
sgcf8i.jpg,1
sgotnl.jpg,14
sj0bdq.jpg,2
sj5mtz.jpg,3
sjd78u.jpg,6
sjluhv.jpg,8
sjy1ph.jpg,9
sk07ue.jpg,13
sk98sc.jpg,13
sl9dhy.jpg,8
slmuor.jpg,10
slqbnd.jpg,13
slrtk7.jpg,14
sm51kh.jpg,6
smnsqt.jpg,13
smpcp8.jpg,3
snoxso.jpg,8
souf92.jpg,0
sp0zel.jpg,4
sp3l7v.jpg,10
sp7ajm.jpg,14
spqid4.jpg,4
spr1fa.jpg,8
sq0wb8.jpg,5
sqa8fs.jpg,4
sqdyp3.jpg,8
sqhfpv.jpg,8
ssn23o.jpg,3
sssql4.jpg,4
sst6ux.jpg,0
stmohb.jpg,10
stnz9i.jpg,6
su1vob.jpg,7
su8rbx.jpg,8
suahcf.jpg,10
suqqga.jpg,10
susolk.jpg,8
susvwc.jpg,6
svthtp.jpg,3
svwh0d.jpg,13
sw8byg.jpg,1
swc8ob.jpg,8
swesps.jpg,3
swgzia.jpg,4
sx0f15.jpg,6
sx8sh7.jpg,8
sy6e7x.jpg,10
syt8pu.jpg,6
sz429s.jpg,2
sz64pn.jpg,8
sz8km9.jpg,10
szeng3.jpg,7
t0bbdy.jpg,7
t0dog1.jpg,5
t0f69w.jpg,5
t0oon3.jpg,1
t134f4.jpg,7
t1arm4.jpg,3
t1oonj.jpg,11
t1ozek.jpg,4
t1r1kq.jpg,1
t252vm.jpg,0
t2aywt.jpg,2
t2nb17.jpg,8
t2rvsa.jpg,13
t39wru.jpg,1
t3fjnn.jpg,0
t3n9d2.jpg,13
t3xubf.jpg,13
t4g6m7.jpg,14
t4m1fa.jpg,4
t4o8pu.jpg,8
t4upch.jpg,11
t52hy0.jpg,14
t5a3bl.jpg,1
t5dzvj.jpg,4
t5mnio.jpg,13
t5pmgq.jpg,3
t5qax1.jpg,9
t5r684.jpg,7
t5urgu.jpg,6
t6474e.jpg,14
t6dgrp.jpg,11
t6vtgn.jpg,13
t6zhsn.jpg,9
t7pcyc.jpg,6
t8awf1.jpg,14
t8f6yq.jpg,1
t8x34u.jpg,1
t8zszx.jpg,3
t9nvq3.jpg,10
taiozz.jpg,13
tar2sq.jpg,7
tb6emb.jpg,3
tbvvml.jpg,10
tbxx1n.jpg,5
tccnln.jpg,3
tcr1la.jpg,7
tcwizd.jpg,13
tcxi7j.jpg,3
td41ma.jpg,0
tdkjoa.jpg,10
tedyt8.jpg,13
tf9ajs.jpg,4
tfofxk.jpg,2
tg7p1x.jpg,13
tgcod8.jpg,13
tgnsga.jpg,13
thimxy.jpg,14
thjkln.jpg,6
thoo2a.jpg,4
thrv5n.jpg,9
ti2afk.jpg,13
ti4776.jpg,2
tioqcd.jpg,13
tj1x06.jpg,8
tjco0u.jpg,1
tjpfaw.jpg,2
tjz830.jpg,4
tjzhe9.jpg,0
tk6wf2.jpg,7
tk7jxw.jpg,14
tkik6z.jpg,4
tkjo87.jpg,12
tklbvc.jpg,0
tkre39.jpg,8
tl1iat.jpg,10
tl3xrw.jpg,4
tljc4t.jpg,13
tmhguk.jpg,8
tmm10m.jpg,7
tmrkvv.jpg,1
tn7966.jpg,6
tnprlv.jpg,3
tojeid.jpg,0
topd8i.jpg,14
tq629y.jpg,10
tqc2df.jpg,10
tqfrod.jpg,6
tqw5kn.jpg,0
tr25os.jpg,8
treiw0.jpg,1
ts1th6.jpg,2
ts1tk8.jpg,14
ts97by.jpg,14
tshgb1.jpg,8
tsl7bd.jpg,13
tsuyrk.jpg,6
tt12b1.jpg,2
tt3j83.jpg,4
tt52t6.jpg,3
tt5khn.jpg,7
tuei0m.jpg,2
tunwkf.jpg,0
tuoys2.jpg,0
turo2l.jpg,6
tv0eau.jpg,8
tvq3bw.jpg,10
tvzrff.jpg,14
tw3xq1.jpg,10
twgjue.jpg,6
txau4r.jpg,13
txf1mh.jpg,6
txshvr.jpg,6
txxreu.jpg,6
tyw2rm.jpg,7
tz28pd.jpg,10
tzbpdw.jpg,6
tzgp15.jpg,7
tzhr8f.jpg,6
tziuj8.jpg,13
u01kzq.jpg,7
u07hgs.jpg,6
u0e1s7.jpg,1
u0uiw6.jpg,3
u109h0.jpg,13
u1os5m.jpg,4
u2aviq.jpg,13
u33td1.jpg,3
u35jq8.jpg,7
u3cy0o.jpg,4
u3fvs6.jpg,10
u42mf6.jpg,6
u4gspt.jpg,2
u4hcpd.jpg,2
u57jss.jpg,10
u5ie55.jpg,0
u6pu0e.jpg,7
u6sv29.jpg,5
u7fuzh.jpg,7
u90ra2.jpg,10
u97zde.jpg,10
u98uno.jpg,6
u9k008.jpg,8
ua5azp.jpg,2
ua8543.jpg,3
ua87ko.jpg,6
ua8rs6.jpg,11
uaiuyk.jpg,5
uavvov.jpg,8
ubqfj1.jpg,1
ubud8d.jpg,10
ud12ui.jpg,11
udzjtt.jpg,0
ue4twg.jpg,3
ueaivb.jpg,13
uexpez.jpg,2
uf4eqa.jpg,3
uf6h88.jpg,4
ufcace.jpg,1
ufg3k4.jpg,11
ufglxq.jpg,1
ufxvv9.jpg,0
ug3jqa.jpg,6
ug4wwt.jpg,1
ugf4gq.jpg,7
ugi0mt.jpg,0
ugzwii.jpg,1
uh0pwv.jpg,11
uhg7xg.jpg,0
uhht2s.jpg,1
uhqvey.jpg,10
uie2br.jpg,8
uied1p.jpg,1
uj8i6c.jpg,3
uj9xjg.jpg,13
ujsc72.jpg,4
ujtpa4.jpg,8
uk1gqs.jpg,7
ukjyaw.jpg,2
ul5uhq.jpg,3
uleegb.jpg,10
ulm5cw.jpg,0
umb0si.jpg,8
umgv5g.jpg,14
umk7ic.jpg,0
un3omp.jpg,5
une4gy.jpg,8
ung7c3.jpg,10
ungzpo.jpg,11
unkfb0.jpg,6
unmoyj.jpg,0
unt5zf.jpg,13
uob1da.jpg,12
uoo6kt.jpg,0
uoqedk.jpg,1
uor0sm.jpg,13
upblhd.jpg,6
upct6x.jpg,1
upflic.jpg,1
upqrty.jpg,7
uqyq4y.jpg,11
ur50d7.jpg,1
urkksw.jpg,14
urmyw6.jpg,2
urxuyp.jpg,4
us5abs.jpg,2
us5zj8.jpg,0
usn8h9.jpg,5
usvpth.jpg,3
ut05g5.jpg,3
ut3ojs.jpg,14
ut9otk.jpg,2
utribh.jpg,10
uubpy3.jpg,9
uvf9mq.jpg,11
uw8jaq.jpg,1
uwbkay.jpg,6
uwxaxx.jpg,0
uxfwl3.jpg,14
uxl04w.jpg,8
uxr2zd.jpg,4
uxv32o.jpg,7
uyg4bs.jpg,7
uyn0yp.jpg,13
uyn41t.jpg,1
uyv9fb.jpg,2
uz3ute.jpg,9
uz8iqs.jpg,1
uz8vpn.jpg,13
uzhy59.jpg,7
uzxt6h.jpg,6
v0qo3e.jpg,10
v0y3lj.jpg,13
v1okb9.jpg,3
v2fsne.jpg,5
v3w4us.jpg,1
v3wg7q.jpg,12
v44udr.jpg,13
v4ellj.jpg,11
v4f1yg.jpg,1
v4rd87.jpg,13
v4rwdl.jpg,7
v5453m.jpg,13
v5c2r8.jpg,1
v5hi5e.jpg,0
v5hzuc.jpg,13
v5wl4n.jpg,9
v6mexc.jpg,4
v70nvs.jpg,12
v7c3og.jpg,6
v7jb7p.jpg,5
v85wyd.jpg,13
v8qtsk.jpg,7
v8y1v6.jpg,10
v96udo.jpg,1
v9evlk.jpg,5
v9fnft.jpg,11
v9ze2q.jpg,5
vasme9.jpg,0
vbi5vh.jpg,6
vbq3w2.jpg,1
vbvgl0.jpg,6
vc3jpc.jpg,1
vc8rzd.jpg,7
vcalop.jpg,10
vctpq4.jpg,6
vd7urd.jpg,3
vdjwq8.jpg,9
vf9l0x.jpg,10
vfdaug.jpg,10
vfljow.jpg,6
vg2ghy.jpg,6
vg3gf1.jpg,12
vgia4n.jpg,9
vgjnjg.jpg,13
vgocao.jpg,7
vgpsch.jpg,1
vhgf0s.jpg,3
vi3xf6.jpg,6
viv43m.jpg,3
vjboz1.jpg,6
vk6x22.jpg,4
vkf4rt.jpg,3
vkg965.jpg,14
vky34p.jpg,9
vlcfwi.jpg,4
vlewas.jpg,13
vlti5d.jpg,7
vlvitx.jpg,3
vmb25q.jpg,8
vmgb3v.jpg,11
vml7sw.jpg,4
vn00re.jpg,13
vnd5n5.jpg,5
vnhbwb.jpg,1
vnlp8t.jpg,0
vnwdsz.jpg,5
vnwxs5.jpg,7
vo0c3m.jpg,7
vp5zwr.jpg,6
vp7fxu.jpg,9
vpmim8.jpg,13
vpvwcv.jpg,2
vq0k3r.jpg,5
vq1v5m.jpg,10
vq96ba.jpg,14
vqhpk5.jpg,8
vqih6y.jpg,8
vqrbrp.jpg,8
vrc52i.jpg,6
vrzcpc.jpg,6
vs0nfu.jpg,4
vs2xna.jpg,0
vt0n4p.jpg,6
vt92ep.jpg,3
vtk8zm.jpg,7
vts83l.jpg,0
vttgn3.jpg,0
vus3uk.jpg,0
vviwtx.jpg,0
vvr8od.jpg,1
vvyf69.jpg,13
vw34ya.jpg,8
vwrsky.jpg,3
vwu89o.jpg,2
vwz0aj.jpg,7
vx80ng.jpg,3
vypo1n.jpg,3
vyu4s1.jpg,13
vzk5vm.jpg,7
w0neux.jpg,6
w0qh8h.jpg,8
w1gfy0.jpg,4
w2fhh8.jpg,8
w35myi.jpg,6
w3n6ox.jpg,5
w3s9l5.jpg,1
w3wsz2.jpg,10
w42e05.jpg,5
w4cgat.jpg,7
w5vbf1.jpg,8
w685il.jpg,1
w6h2g0.jpg,1
w6sbjn.jpg,1
w6y0db.jpg,11
w6yn02.jpg,0
w70njk.jpg,2
w72nt4.jpg,6
w75c67.jpg,4
w75i07.jpg,7
w79vgp.jpg,10
w8ciua.jpg,14
w8crj3.jpg,7
w8e2dj.jpg,4
w93sls.jpg,2
w94uhz.jpg,6
w9i2te.jpg,9
w9jrld.jpg,2
w9trff.jpg,11
waa5bk.jpg,9
waiib6.jpg,0
wb3enw.jpg,9
wb88ci.jpg,9
wbmupm.jpg,1
wc0l6g.jpg,7
wcswnx.jpg,13
wcuykv.jpg,9
wcyzmw.jpg,6
wd2tj9.jpg,8
wdarkr.jpg,13
wdbc4w.jpg,8
wdeka9.jpg,7
wdq8pq.jpg,14
we0z4w.jpg,13
we5nwp.jpg,14
we7gfa.jpg,11
wed9f5.jpg,5
weh2j9.jpg,8
wehcmh.jpg,12
wen60k.jpg,11
wf0cn5.jpg,1
wf98zo.jpg,5
wfz75c.jpg,6
wgio42.jpg,3
wgnpok.jpg,0
wgqime.jpg,7
wh6oyw.jpg,9
wi6m5s.jpg,6
widouk.jpg,11
wil2hv.jpg,3
wiqd9z.jpg,7
wirnf2.jpg,11
wiww5c.jpg,4
wiytaw.jpg,11
wj8cbi.jpg,7
wjgb4n.jpg,2
wjgp0g.jpg,13
wjlt7p.jpg,9
wjsu4p.jpg,1
wk453g.jpg,12
wk46zj.jpg,9
wkjxto.jpg,1
wko2d9.jpg,12
wkth2c.jpg,6
wkvg39.jpg,8
wl2p2t.jpg,13
wlbsvr.jpg,13
wll993.jpg,5
wlutxj.jpg,5
wm4kpo.jpg,1
wmn14x.jpg,7
wms8hm.jpg,14
wmzhz9.jpg,6
wn09k1.jpg,3
wnlnwj.jpg,8
wnn2ju.jpg,13
wnugta.jpg,8
wo3ub2.jpg,3
wofdp0.jpg,14
wojmoc.jpg,14
wojr93.jpg,2
wom3zu.jpg,14
woz1wb.jpg,14
wp6ymk.jpg,7
wpi927.jpg,3
wpn7xi.jpg,8
wptd7t.jpg,2
wq6owk.jpg,13
wq8hfg.jpg,6
wqjqj6.jpg,6
wqrcbn.jpg,10
wqw8w1.jpg,2
wr3dzc.jpg,9
wr3j8b.jpg,3
wr7kh1.jpg,7
wr88dd.jpg,3
wrfb0n.jpg,8
ws2bgj.jpg,11
ws2ye5.jpg,5
wsbqjw.jpg,2
wtwx1s.jpg,3
wu17ex.jpg,1
wu30lq.jpg,9
wu33a3.jpg,0
wu4i4r.jpg,13
wudcoe.jpg,8
wumg1o.jpg,1
wuob4b.jpg,9
wut5m4.jpg,1
wvgrfw.jpg,9
ww2b9c.jpg,13
wwau5z.jpg,0
wwl7hl.jpg,4
wwvdkf.jpg,12
wwxbjf.jpg,6
wx2c89.jpg,3
wx5iep.jpg,8
wxktzy.jpg,8
wxtu9i.jpg,4
wxxk9o.jpg,8
wzggze.jpg,7
wzjkug.jpg,8
wzr8a5.jpg,8
x0rsln.jpg,2
x2nc5s.jpg,5
x2ngtm.jpg,1
x3dx9r.jpg,7
x3w0ds.jpg,0
x43o7m.jpg,4
x4o9tp.jpg,4
x4r03l.jpg,3
x4thr7.jpg,0
x4tqp6.jpg,4
x51gvz.jpg,14
x57avf.jpg,4
x5fovl.jpg,8
x5v72u.jpg,8
x6wbt7.jpg,11
x799ku.jpg,0
x7d25k.jpg,10
x7lih8.jpg,3
x7o8gi.jpg,13
x7ttdh.jpg,13
x80v6n.jpg,8
x8sqt6.jpg,11
x8zdzf.jpg,8
x9zcob.jpg,3
xaibrr.jpg,14
xaube7.jpg,3
xavqmm.jpg,7
xbh5l4.jpg,9
xbn4kv.jpg,6
xbpdpo.jpg,6
xbs407.jpg,13
xbt2hc.jpg,4
xctf80.jpg,10
xd1eyh.jpg,5
xdb8lm.jpg,1
xdeqr5.jpg,3
xdf7st.jpg,7
xdg1bl.jpg,3
xdupb7.jpg,6
xdzyxr.jpg,14
xe09c4.jpg,4
xf8pf8.jpg,4
xfmubl.jpg,0
xfqise.jpg,8
xfud78.jpg,0
xfzgkk.jpg,0
xg3qx8.jpg,5
xg9068.jpg,13
xga5ys.jpg,7
xgeyg6.jpg,6
xgsf3n.jpg,11
xhmvm6.jpg,13
xj0nve.jpg,0
xja0xk.jpg,2
xjeg9c.jpg,7
xjg0kl.jpg,10
xjk5xy.jpg,4
xk1s0i.jpg,10
xk9k4m.jpg,13
xkgods.jpg,12
xkj4rb.jpg,1
xkjzu4.jpg,2
xl5cg7.jpg,8
xleanz.jpg,5
xlhhl3.jpg,3
xmgm5c.jpg,5
xmm1oh.jpg,10
xmol6w.jpg,8
xnaw82.jpg,1
xneomh.jpg,11
xnnl0u.jpg,2
xnrkbh.jpg,5
xnx229.jpg,9
xo6csy.jpg,5
xoxixo.jpg,7
xpcgoh.jpg,4
xpe3i6.jpg,0
xpg696.jpg,3
xq6ae8.jpg,3
xqgsi3.jpg,7
xqjnf8.jpg,13
xqmewl.jpg,7
xr4jic.jpg,1
xslrlc.jpg,9
xtclkb.jpg,1
xtfqm4.jpg,2
xtjn8t.jpg,2
xtw1n2.jpg,0
xu5n8a.jpg,9
xuaenb.jpg,8
xue1gi.jpg,8
xukp6y.jpg,5
xv1tor.jpg,7
xv7swe.jpg,2
xvoog1.jpg,10
xvw9sg.jpg,13
xw0ms0.jpg,8
xye2w9.jpg,6
xynnlk.jpg,0
xynxnl.jpg,1
xzm06a.jpg,2
xzs170.jpg,8
y02r2j.jpg,2
y13sh9.jpg,14
y1a3e1.jpg,3
y1e1yp.jpg,0
y1f8xg.jpg,3
y1g1ev.jpg,5
y1w7l8.jpg,1
y2pnm8.jpg,3
y2rvn6.jpg,5
y2sh2e.jpg,14
y2wlt3.jpg,6
y30bmc.jpg,6
y36qq9.jpg,5
y3erfh.jpg,0
y3v5ir.jpg,4
y3wadc.jpg,8
y3xb6d.jpg,0
y46adv.jpg,13
y4lvap.jpg,10
y56hok.jpg,11
y5f2ji.jpg,2
y6aqag.jpg,2
y72z9y.jpg,7
y7iwu2.jpg,3
y7rkto.jpg,10
y7x0hp.jpg,13
y8vfvk.jpg,3
y8wkeo.jpg,8
y98eo4.jpg,0
y9a9tn.jpg,8
y9evk4.jpg,7
y9fc2e.jpg,6
yabotd.jpg,3
yb4pfg.jpg,2
yb6eau.jpg,6
ybcral.jpg,3
ybxq3l.jpg,8
ycdac0.jpg,1
yceb9y.jpg,8
ycf98p.jpg,14
ycir11.jpg,4
ycrkqs.jpg,2
ycu2cm.jpg,2
ycu9wz.jpg,10
ycxjkl.jpg,11
yd6xu9.jpg,4
ydpmyq.jpg,5
ye59oz.jpg,9
yex59h.jpg,4
yfmfb4.jpg,13
yfpmjp.jpg,0
yg8xoo.jpg,6
ygd37o.jpg,7
ygksoc.jpg,6
ygkzkl.jpg,2
ygpjho.jpg,2
ygu7z3.jpg,8
yhi8ad.jpg,3
yhpp0w.jpg,14
yhy6sd.jpg,1
yidsh5.jpg,2
yilo7w.jpg,2
yj2m51.jpg,8
yjlucg.jpg,8
ykk3lw.jpg,13
ykqvkf.jpg,5
yl7d8v.jpg,13
ylc0hz.jpg,10
ylqw64.jpg,6
ymtp6w.jpg,6
yn0078.jpg,10
ynl84i.jpg,3
ynmlbm.jpg,8
ynrd8w.jpg,4
yo19i3.jpg,13
yo9ha2.jpg,3
yooryp.jpg,14
yop8bw.jpg,7
yoqw5u.jpg,11
yoxeuy.jpg,9
yoxufe.jpg,7
yp351h.jpg,3
yp6qs6.jpg,13
ypevfn.jpg,8
ypg62x.jpg,11
ypqd48.jpg,8
yqljs7.jpg,14
yqphe9.jpg,4
yr26l7.jpg,5
ys4w9j.jpg,2
ysb1qx.jpg,14
ysixcg.jpg,2
ysj3ha.jpg,7
ysr9ym.jpg,6
ysz8wk.jpg,7
ytcwjz.jpg,3
yu6fo2.jpg,2
yuuc7f.jpg,3
yv1eh2.jpg,8
yvwrsd.jpg,7
yw3eb8.jpg,2
ywawkh.jpg,14
ywrdwy.jpg,8
ywtpui.jpg,8
yww2im.jpg,1
ywx5mg.jpg,8
yxwli2.jpg,7
yyahxx.jpg,4
yzdj00.jpg,8
yzfeno.jpg,11
yzqjn8.jpg,1
z07piz.jpg,8
z0es0r.jpg,1
z0pol6.jpg,3
z0zm3z.jpg,8
z0zp5a.jpg,7
z1v1f8.jpg,10
z1vra4.jpg,7
z29wog.jpg,10
z2h8ww.jpg,2
z34eni.jpg,10
z392g6.jpg,11
z3bvq4.jpg,14
z3kk4l.jpg,3
z3kury.jpg,12
z4a4nh.jpg,11
z4amw4.jpg,10
z4as03.jpg,3
z51d1g.jpg,14
z57gsw.jpg,2
z5o4n2.jpg,10
z5ujht.jpg,4
z60vs6.jpg,10
z6e45k.jpg,11
z6eglr.jpg,7
z77359.jpg,14
z7a810.jpg,2
z7ardi.jpg,3
z7dlb3.jpg,3
z7m9rv.jpg,8
z81cp5.jpg,3
z90qg0.jpg,14
z97367.jpg,2
z9nnkd.jpg,4
zalkj2.jpg,13
zar2dz.jpg,4
zawoml.jpg,4
zax7cb.jpg,4
zbicqn.jpg,14
zbsbwh.jpg,0
zbybgj.jpg,13
zc32ka.jpg,0
zcbwkp.jpg,11
zcizei.jpg,8
zcmlv8.jpg,9
zcowno.jpg,8
zcshoi.jpg,0
zd3s5t.jpg,9
zd4bwe.jpg,8
zd4d4m.jpg,5
zdizyn.jpg,4
zdkruq.jpg,3
zek702.jpg,14
zelxqk.jpg,7
zfl63c.jpg,13
zfwsk9.jpg,4
zgble3.jpg,13
zgfpaf.jpg,14
zggq0o.jpg,7
zgp5q9.jpg,8
zh3xo5.jpg,13
zh62q5.jpg,4
zh6js1.jpg,13
zhn32w.jpg,12
zhsjnj.jpg,6
zhwh3x.jpg,1
zi0bd3.jpg,6
ziagjj.jpg,2
zibl0e.jpg,3
zinra3.jpg,3
zj0sby.jpg,2
zjfzcd.jpg,6
zjns82.jpg,6
zk95wk.jpg,13
zkfkgx.jpg,5
zkxdrp.jpg,11
zlk3su.jpg,6
zm0yge.jpg,7
zm7mdw.jpg,7
zmy4nx.jpg,6
zn195z.jpg,1
znupfh.jpg,1
znxlpx.jpg,6
zomuwl.jpg,10
zonnx8.jpg,1
zorsx3.jpg,1
zoscsh.jpg,5
zowgcj.jpg,6
zoyrp3.jpg,10
zozm3w.jpg,9
zp5smb.jpg,6
zp64up.jpg,2
zprbi0.jpg,9
zpyprs.jpg,1
zqbt7s.jpg,7
zqn1ax.jpg,8
zqoqr1.jpg,3
zqt0mq.jpg,13
zqzp9v.jpg,10
zr2t2e.jpg,8
zr3lmm.jpg,7
zrbcea.jpg,9
zrpk7i.jpg,12
zs1yro.jpg,14
zsmnpe.jpg,10
zsqdoo.jpg,6
zt93li.jpg,14
ztaz8z.jpg,8
zte3xr.jpg,4
ztqgfl.jpg,13
ztqy3o.jpg,6
zu6mt2.jpg,5
zugb4c.jpg,7
zuy70p.jpg,14
zv9y7b.jpg,8
zvba4z.jpg,7
zvz2qs.jpg,0
zw2g9t.jpg,3
zw2rjh.jpg,6
zw4a0b.jpg,14
zw6yc5.jpg,5
zw8qts.jpg,7
zwofq4.jpg,3
zxfjh8.jpg,10
zxtp44.jpg,14
zy59f0.jpg,10
zy68ol.jpg,8
zyvkir.jpg,3
zz32g5.jpg,2
zz4rv9.jpg,8
